owner,repo,contributor,commits
tidyverse,blob,krlmlr,46
tidyverse,blob,hadley,20
tidyverse,blob,jimhester,1
tidyverse,dbplyr,hadley,1701
tidyverse,dbplyr,romainfrancois,647
tidyverse,dbplyr,krlmlr,119
tidyverse,dbplyr,lionel-,100
tidyverse,dbplyr,edgararuiz,31
tidyverse,dbplyr,hannesmuehleisen,24
tidyverse,dbplyr,lindbrook,17
tidyverse,dbplyr,jimhester,15
tidyverse,dbplyr,batpigandme,10
tidyverse,dbplyr,kevinushey,10
tidyverse,dbplyr,ilarischeinin,7
tidyverse,dbplyr,javierluraschi,7
tidyverse,dbplyr,sfirke,6
tidyverse,dbplyr,cosinequanon,6
tidyverse,dbplyr,leondutoit,5
tidyverse,dbplyr,arunsrinivasan,4
tidyverse,dbplyr,eibanez,4
tidyverse,dbplyr,pimentel,4
tidyverse,dbplyr,zeehio,4
tidyverse,dbplyr,jennybc,4
tidyverse,dbplyr,rbdixon,3
tidyverse,dbplyr,imanuelcostigan,3
tidyverse,dbplyr,austenhead,3
tidyverse,dbplyr,DavisVaughan,2
tidyverse,dbplyr,earino,2
tidyverse,dbplyr,edwindj,2
tidyverse,dbplyr,ianmcook,2
tidyverse,dbplyr,kevinykuo,2
tidyverse,dbplyr,justmarkham,2
tidyverse,dbplyr,zozlak,2
tidyverse,dbplyr,mkuhn,2
tidyverse,dbplyr,uribo,2
tidyverse,dbplyr,xiaodaigh,2
tidyverse,dbplyr,shabbybanks,2
tidyverse,dbplyr,aaronwolen,1
tidyverse,dbplyr,ateucher,1
tidyverse,dbplyr,cpsievert,1
tidyverse,dbplyr,ajdamico,1
tidyverse,dbplyr,cjyetman,1
tidyverse,dbplyr,chappers,1
tidyverse,dbplyr,cwarden,1
tidyverse,dbplyr,chrMongeau,1
tidyverse,dbplyr,cderv,1
tidyverse,dbplyr,craigcitro,1
tidyverse,dbplyr,denismaciel,1
tidyverse,dbplyr,dpprdan,1
tidyverse,dbplyr,davidkretch,1
tidyverse,dbplyr,dgrtwo,1
tidyverse,dbplyr,cb4ds,1
tidyverse,dbplyr,ethanwhite,1
tidyverse,dbplyr,saurfang,1
tidyverse,dbplyr,FvD,1
tidyverse,dbplyr,garrettgman,1
tidyverse,dbplyr,nachti,1
tidyverse,dbplyr,gergness,1
tidyverse,dbplyr,gregrahn,1
tidyverse,dbplyr,itcarroll,1
tidyverse,dbplyr,JasonAizkalns,1
tidyverse,dbplyr,jrnold,1
tidyverse,dbplyr,jcheng5,1
tidyverse,dbplyr,jonassundman,1
tidyverse,dbplyr,joranE,1
tidyverse,dbplyr,casallas,1
tidyverse,dbplyr,jentjr,1
tidyverse,dbplyr,karldw,1
tidyverse,dbplyr,kirillseva,1
tidyverse,dbplyr,LluisRamon,1
tidyverse,dbplyr,mungojam,1
tidyverse,dbplyr,sandan,1
tidyverse,dbplyr,mnel,1
tidyverse,dbplyr,mkuehn10,1
tidyverse,dbplyr,mdsumner,1
tidyverse,dbplyr,mtreadwell,1
tidyverse,dbplyr,mine-cetinkaya-rundel,1
tidyverse,dbplyr,nhanitvn,1
tidyverse,dbplyr,paulstaab,1
tidyverse,dbplyr,robertzk,1
tidyverse,dbplyr,Robinlovelace,1
tidyverse,dbplyr,russellpierce,1
tidyverse,dbplyr,StevenMMortimer,1
tidyverse,dbplyr,tcarnus,1
tidyverse,dbplyr,wibeasley,1
tidyverse,dbplyr,zachary-foster,1
tidyverse,dbplyr,pachevalier,1
tidyverse,dbplyr,eipi10,1
tidyverse,dbplyr,harrismcgehee,1
tidyverse,dbplyr,hoxo-m,1
tidyverse,dbplyr,hs3180,1
tidyverse,dbplyr,mnfn,1
tidyverse,dbplyr,r2evans,1
tidyverse,dbplyr,shea-parkes,1
tidyverse,dbplyr,shearerp,1
tidyverse,dbplyr,szilard0,1
tidyverse,dbplyr,teramonagi,1
tidyverse,dbplyr,yutannihilation,1
tidyverse,dplyr,romainfrancois,2035
tidyverse,dplyr,hadley,1901
tidyverse,dplyr,krlmlr,767
tidyverse,dplyr,lionel-,456
tidyverse,dplyr,batpigandme,37
tidyverse,dplyr,lindbrook,27
tidyverse,dplyr,jimhester,24
tidyverse,dplyr,hannesmuehleisen,23
tidyverse,dplyr,kevinushey,14
tidyverse,dplyr,yutannihilation,10
tidyverse,dplyr,jennybc,9
tidyverse,dplyr,ijlyttle,9
tidyverse,dplyr,zeehio,8
tidyverse,dplyr,s-fleck,8
tidyverse,dplyr,sfirke,8
tidyverse,dplyr,billdenney,7
tidyverse,dplyr,ilarischeinin,7
tidyverse,dplyr,javierluraschi,6
tidyverse,dplyr,cosinequanon,6
tidyverse,dplyr,leondutoit,6
tidyverse,dplyr,arunsrinivasan,4
tidyverse,dplyr,eibanez,4
tidyverse,dplyr,pimentel,4
tidyverse,dplyr,maurolepore,4
tidyverse,dplyr,coolbutuseless,4
tidyverse,dplyr,ajschumacher,3
tidyverse,dplyr,bpbond,3
tidyverse,dplyr,rbdixon,3
tidyverse,dplyr,cderv,3
tidyverse,dplyr,daattali,3
tidyverse,dplyr,filipefilardi,3
tidyverse,dplyr,imanuelcostigan,3
tidyverse,dplyr,jayhesselberth,3
tidyverse,dplyr,mkuhn,3
tidyverse,dplyr,ncarchedi,3
tidyverse,dplyr,foo-bar-baz-qux,3
tidyverse,dplyr,xiaodaigh,3
tidyverse,dplyr,dgromer,3
tidyverse,dplyr,markdly,3
tidyverse,dplyr,austenhead,2
tidyverse,dplyr,aadler,2
tidyverse,dplyr,benmarwick,2
tidyverse,dplyr,earino,2
tidyverse,dplyr,edwindj,2
tidyverse,dplyr,ethanwhite,2
tidyverse,dplyr,saurfang,2
tidyverse,dplyr,ianmcook,2
tidyverse,dplyr,jrnold,2
tidyverse,dplyr,karldw,2
tidyverse,dplyr,kenahoo,2
tidyverse,dplyr,justmarkham,2
tidyverse,dplyr,sandan,2
tidyverse,dplyr,mnel,2
tidyverse,dplyr,Nick-Rivera,2
tidyverse,dplyr,npjc,2
tidyverse,dplyr,pkq,2
tidyverse,dplyr,uribo,2
tidyverse,dplyr,tklebel,2
tidyverse,dplyr,zachary-foster,2
tidyverse,dplyr,joel23888,2
tidyverse,dplyr,michaelweylandt,2
tidyverse,dplyr,shabbybanks,2
tidyverse,dplyr,alyst,2
tidyverse,dplyr,tjmahr,2
tidyverse,dplyr,aaronwolen,1
tidyverse,dplyr,apreshill,1
tidyverse,dplyr,DataWookie,1
tidyverse,dplyr,ateucher,1
tidyverse,dplyr,cpsievert,1
tidyverse,dplyr,ajdamico,1
tidyverse,dplyr,bbrewington,1
tidyverse,dplyr,briandk,1
tidyverse,dplyr,cjyetman,1
tidyverse,dplyr,chappers,1
tidyverse,dplyr,Shurakai,1
tidyverse,dplyr,chrMongeau,1
tidyverse,dplyr,csgillespie,1
tidyverse,dplyr,craigcitro,1
tidyverse,dplyr,strengejacke,1
tidyverse,dplyr,davidkretch,1
tidyverse,dplyr,dgrtwo,1
tidyverse,dplyr,eddelbuettel,1
tidyverse,dplyr,cb4ds,1
tidyverse,dplyr,edublancas,1
tidyverse,dplyr,ellisvalentiner,1
tidyverse,dplyr,FvD,1
tidyverse,dplyr,garrettgman,1
tidyverse,dplyr,nachti,1
tidyverse,dplyr,gergness,1
tidyverse,dplyr,gregrahn,1
tidyverse,dplyr,itcarroll,1
tidyverse,dplyr,jwnorman,1
tidyverse,dplyr,JakeRuss,1
tidyverse,dplyr,elben10,1
tidyverse,dplyr,JasonAizkalns,1
tidyverse,dplyr,jdagilliland,1
tidyverse,dplyr,jasonmhoule,1
tidyverse,dplyr,jimvine,1
tidyverse,dplyr,jcheng5,1
tidyverse,dplyr,jonthegeek,1
tidyverse,dplyr,joranE,1
tidyverse,dplyr,jlegewie,1
tidyverse,dplyr,jthurner,1
tidyverse,dplyr,casallas,1
tidyverse,dplyr,jentjr,1
tidyverse,dplyr,kirillseva,1
tidyverse,dplyr,leebunce,1
tidyverse,dplyr,LeeMendelowitz,1
tidyverse,dplyr,LluisRamon,1
tidyverse,dplyr,lorenzwalthert,1
tidyverse,dplyr,LCHansson,1
tidyverse,dplyr,mgperry,1
tidyverse,dplyr,weirdlittlespot,1
tidyverse,dplyr,martinjhnhadley,1
tidyverse,dplyr,mdlincoln,1
tidyverse,dplyr,mdsumner,1
tidyverse,dplyr,mtreadwell,1
tidyverse,dplyr,nhanitvn,1
tidyverse,dplyr,nicholasjhorton,1
tidyverse,dplyr,potterzot,1
tidyverse,dplyr,paulstaab,1
tidyverse,dplyr,PedramNavid,1
tidyverse,dplyr,robertzk,1
tidyverse,dplyr,Robinlovelace,1
tidyverse,dplyr,russellpierce,1
tidyverse,dplyr,smsaladi,1
tidyverse,dplyr,simon-anders,1
tidyverse,dplyr,StevenMMortimer,1
tidyverse,dplyr,DasAllFolks,1
tidyverse,dplyr,setempler,1
tidyverse,dplyr,takahisah,1
tidyverse,dplyr,tcarnus,1
tidyverse,dplyr,tomfaulhaber,1
tidyverse,dplyr,t-kalinowski,1
tidyverse,dplyr,tonyfischetti,1
tidyverse,dplyr,yihui,1
tidyverse,dplyr,pachevalier,1
tidyverse,dplyr,cwickham,1
tidyverse,dplyr,davidkane9,1
tidyverse,dplyr,dpastoor,1
tidyverse,dplyr,eipi10,1
tidyverse,dplyr,harrismcgehee,1
tidyverse,dplyr,helix123,1
tidyverse,dplyr,hoxo-m,1
tidyverse,dplyr,hs3180,1
tidyverse,dplyr,jbao,1
tidyverse,dplyr,jjchern,1
tidyverse,dplyr,lehy-probayes,1
tidyverse,dplyr,mnfn,1
tidyverse,dplyr,r2evans,1
tidyverse,dplyr,shea-parkes,1
tidyverse,dplyr,shearerp,1
tidyverse,dplyr,suzanbaert,1
tidyverse,dplyr,szilard0,1
tidyverse,dplyr,teramonagi,1
tidyverse,dplyr,tverbeke,1
tidyverse,dplyr,zachcp,1
tidyverse,forcats,hadley,153
tidyverse,forcats,batpigandme,6
tidyverse,forcats,krlmlr,4
tidyverse,forcats,rtaph,2
tidyverse,forcats,jennybc,2
tidyverse,forcats,alberthkcheng,1
tidyverse,forcats,BarkleyBG,1
tidyverse,forcats,ismayc,1
tidyverse,forcats,colinbrislawn,1
tidyverse,forcats,wilkox,1
tidyverse,forcats,alistaire47,1
tidyverse,forcats,robinsones,1
tidyverse,forcats,gregrs-uk,1
tidyverse,forcats,jhuovari,1
tidyverse,forcats,jeremystan,1
tidyverse,forcats,jtr13,1
tidyverse,forcats,tklebel,1
tidyverse,forcats,rudazhan,1
tidyverse,forcats,eipi10,1
tidyverse,forcats,mgacc0,1
tidyverse,forcats,yutannihilation,1
tidyverse,ggplot2,hadley,2538
tidyverse,ggplot2,wch,654
tidyverse,ggplot2,kohske,232
tidyverse,ggplot2,thomasp85,84
tidyverse,ggplot2,jiho,63
tidyverse,ggplot2,lionel-,55
tidyverse,ggplot2,clauswilke,43
tidyverse,ggplot2,karawoo,42
tidyverse,ggplot2,BrianDiggs,28
tidyverse,ggplot2,JakeRuss,20
tidyverse,ggplot2,yutannihilation,19
tidyverse,ggplot2,joranE,17
tidyverse,ggplot2,dpseidel,16
tidyverse,ggplot2,hrbrmstr,16
tidyverse,ggplot2,JoFrhwld,14
tidyverse,ggplot2,batpigandme,13
tidyverse,ggplot2,DanRuderman,13
tidyverse,ggplot2,jimhester,11
tidyverse,ggplot2,has2k1,10
tidyverse,ggplot2,richierocks,7
tidyverse,ggplot2,jrnold,6
tidyverse,ggplot2,krlmlr,5
tidyverse,ggplot2,topepo,5
tidyverse,ggplot2,noamross,5
tidyverse,ggplot2,pkq,5
tidyverse,ggplot2,tmshn,5
tidyverse,ggplot2,tdhock,5
tidyverse,ggplot2,foo-bar-baz-qux,5
tidyverse,ggplot2,baptiste,5
tidyverse,ggplot2,tonytonov,4
tidyverse,ggplot2,davidmorrison,4
tidyverse,ggplot2,djmurphy420,4
tidyverse,ggplot2,wligtenberg,4
tidyverse,ggplot2,edzer,3
tidyverse,ggplot2,gregrs-uk,3
tidyverse,ggplot2,jankatins,3
tidyverse,ggplot2,jdagilliland,3
tidyverse,ggplot2,Katiedaisey,3
tidyverse,ggplot2,goyalmunish,3
tidyverse,ggplot2,seaaan,3
tidyverse,ggplot2,setempler,3
tidyverse,ggplot2,markpayneatwork,3
tidyverse,ggplot2,veraanadi,3
tidyverse,ggplot2,schloerke,2
tidyverse,ggplot2,bjreisman,2
tidyverse,ggplot2,cpsievert,2
tidyverse,ggplot2,infotroph,2
tidyverse,ggplot2,davharris,2
tidyverse,ggplot2,daattali,2
tidyverse,ggplot2,delferts,2
tidyverse,ggplot2,dylan-stark,2
tidyverse,ggplot2,alistaire47,2
tidyverse,ggplot2,jonocarroll,2
tidyverse,ggplot2,slowkow,2
tidyverse,ggplot2,kevinushey,2
tidyverse,ggplot2,mrtns,2
tidyverse,ggplot2,mvkorpel,2
tidyverse,ggplot2,seancarmody,2
tidyverse,ggplot2,steveharoz,2
tidyverse,ggplot2,wibeasley,2
tidyverse,ggplot2,dongzhuoer,2
tidyverse,ggplot2,bbolker,2
tidyverse,ggplot2,bfgray3,2
tidyverse,ggplot2,bbrewington,2
tidyverse,ggplot2,lindbrook,2
tidyverse,ggplot2,ajschumacher,1
tidyverse,ggplot2,jabranham,1
tidyverse,ggplot2,truemoid,1
tidyverse,ggplot2,andrewdolman,1
tidyverse,ggplot2,pierucci,1
tidyverse,ggplot2,alamstein-trulia,1
tidyverse,ggplot2,BernhardKonrad,1
tidyverse,ggplot2,briandk,1
tidyverse,ggplot2,brianwdavis,1
tidyverse,ggplot2,brodieG,1
tidyverse,ggplot2,cwickham,1
tidyverse,ggplot2,croach,1
tidyverse,ggplot2,codetrainee,1
tidyverse,ggplot2,daniel-barnett,1
tidyverse,ggplot2,dgromer,1
tidyverse,ggplot2,dariobuttari,1
tidyverse,ggplot2,davidkretch,1
tidyverse,ggplot2,Symaxion,1
tidyverse,ggplot2,erocoar,1
tidyverse,ggplot2,gfiumara,1
tidyverse,ggplot2,gregmacfarlane,1
tidyverse,ggplot2,GuangchuangYu,1
tidyverse,ggplot2,gokceneraslan,1
tidyverse,ggplot2,hbuschme,1
tidyverse,ggplot2,salmasian,1
tidyverse,ggplot2,HughParsonage,1
tidyverse,ggplot2,Bisaloo,1
tidyverse,ggplot2,izahn,1
tidyverse,ggplot2,jennybc,1
tidyverse,ggplot2,botanize,1
tidyverse,ggplot2,jschoeley,1
tidyverse,ggplot2,jonathan-g,1
tidyverse,ggplot2,jsta,1
tidyverse,ggplot2,caijun,1
tidyverse,ggplot2,jentjr,1
tidyverse,ggplot2,kbroman,1
tidyverse,ggplot2,huftis,1
tidyverse,ggplot2,kloesing,1
tidyverse,ggplot2,katrinleinweber,1
tidyverse,ggplot2,darrkj,1
tidyverse,ggplot2,kferris10,1
tidyverse,ggplot2,lselzer,1
tidyverse,ggplot2,jemus42,1
tidyverse,ggplot2,mcol,1
tidyverse,ggplot2,martin-martin,1
tidyverse,ggplot2,mruessler,1
tidyverse,ggplot2,mbergins,1
tidyverse,ggplot2,mpancia,1
tidyverse,ggplot2,mnazarov,1
tidyverse,ggplot2,mnbram,1
tidyverse,ggplot2,mikmart,1
tidyverse,ggplot2,mine-cetinkaya-rundel,1
tidyverse,ggplot2,nteetor,1
tidyverse,ggplot2,nicksolomon,1
tidyverse,ggplot2,NikNakk,1
tidyverse,ggplot2,joey711,1
tidyverse,ggplot2,pmur002,1
tidyverse,ggplot2,PeteHaitch,1
tidyverse,ggplot2,crowding,1
tidyverse,ggplot2,Tutuchan,1
tidyverse,ggplot2,rasmusab,1
tidyverse,ggplot2,Smudgerville,1
tidyverse,ggplot2,rsaporta,1
tidyverse,ggplot2,robertzk,1
tidyverse,ggplot2,DarwinAwardWinner,1
tidyverse,ggplot2,rcurtin,1
tidyverse,ggplot2,sebkopf,1
tidyverse,ggplot2,restonslacker,1
tidyverse,ggplot2,smsaladi,1
tidyverse,ggplot2,lianos,1
tidyverse,ggplot2,stragu,1
tidyverse,ggplot2,talgalili,1
tidyverse,ggplot2,Thell,1
tidyverse,ggplot2,Thieffen,1
tidyverse,ggplot2,tgs,1
tidyverse,ggplot2,tklebel,1
tidyverse,ggplot2,durtal,1
tidyverse,ggplot2,tdmcarthur,1
tidyverse,ggplot2,tjmahr,1
tidyverse,ggplot2,Ax3man,1
tidyverse,ggplot2,yihui,1
tidyverse,ggplot2,burchill,1
tidyverse,ggplot2,arilamstein,1
tidyverse,ggplot2,buyske,1
tidyverse,ggplot2,coolbutuseless,1
tidyverse,ggplot2,dkahle,1
tidyverse,ggplot2,eliocamp,1
tidyverse,ggplot2,heckendorfc,1
tidyverse,ggplot2,lehy,1
tidyverse,ggplot2,metanoid,1
tidyverse,ggplot2,mitchelloharawild,1
tidyverse,ggplot2,pbiecek,1
tidyverse,ggplot2,stefanedwards,1
tidyverse,ggplot2,timgoodman,1
tidyverse,ggplot2,tomschloss,1
tidyverse,glue,jimhester,241
tidyverse,glue,egnha,3
tidyverse,glue,jennybc,3
tidyverse,glue,mgirlich,3
tidyverse,glue,krlmlr,2
tidyverse,glue,md0u80c9,1
tidyverse,glue,dpprdan,1
tidyverse,glue,gaborcsardi,1
tidyverse,glue,kendonB,1
tidyverse,glue,batpigandme,1
tidyverse,glue,mine-cetinkaya-rundel,1
tidyverse,glue,tstev,1
tidyverse,glue,wibeasley,1
tidyverse,glue,baptiste,1
tidyverse,glue,landesbergn,1
tidyverse,glue,moodymudskipper,1
tidyverse,googledrive,jennybc,369
tidyverse,googledrive,LucyMcGowan,204
tidyverse,googledrive,jimhester,2
tidyverse,googledrive,batpigandme,2
tidyverse,googlesheets4,jennybc,194
tidyverse,haven,hadley,489
tidyverse,haven,evanmiller,9
tidyverse,haven,gorcha,4
tidyverse,haven,jeroen,4
tidyverse,haven,lionel-,4
tidyverse,haven,markriseley,4
tidyverse,haven,edwindj,3
tidyverse,haven,batpigandme,3
tidyverse,haven,larmarange,3
tidyverse,haven,bquast,2
tidyverse,haven,krlmlr,2
tidyverse,haven,aghaynes,2
tidyverse,haven,ajdamico,1
tidyverse,haven,diogocp,1
tidyverse,haven,ecortens,1
tidyverse,haven,gergness,1
tidyverse,haven,jjallaire,1
tidyverse,haven,ehrlinger,1
tidyverse,haven,huftis,1
tidyverse,haven,kwenzig,1
tidyverse,haven,itsdalmo,1
tidyverse,haven,lorenzwalthert,1
tidyverse,haven,lwjohnst86,1
tidyverse,haven,BioStatMatt,1
tidyverse,haven,maxheld83,1
tidyverse,haven,austensen,1
tidyverse,haven,pkq,1
tidyverse,haven,tklebel,1
tidyverse,haven,oscardssmith,1
tidyverse,hms,krlmlr,169
tidyverse,hms,qgeissmann,4
tidyverse,hms,batpigandme,2
tidyverse,hms,hadley,1
tidyverse,hms,jeroen,1
tidyverse,hms,vspinu,1
tidyverse,lubridate,vspinu,613
tidyverse,lubridate,garrettgman,601
tidyverse,lubridate,hadley,178
tidyverse,lubridate,ijlyttle,19
tidyverse,lubridate,imanuelcostigan,7
tidyverse,lubridate,batpigandme,6
tidyverse,lubridate,cderv,6
tidyverse,lubridate,jasonelaw,6
tidyverse,lubridate,joethorley,4
tidyverse,lubridate,larmarange,4
tidyverse,lubridate,lorenzwalthert,4
tidyverse,lubridate,dougmitarotonda,4
tidyverse,lubridate,alberthkcheng,3
tidyverse,lubridate,dpseidel,3
tidyverse,lubridate,krlmlr,3
tidyverse,lubridate,wibeasley,3
tidyverse,lubridate,billdenney,2
tidyverse,lubridate,gnustats,2
tidyverse,lubridate,christophergandrud,2
tidyverse,lubridate,QuLogic,2
tidyverse,lubridate,jonboiser,2
tidyverse,lubridate,zeehio,2
tidyverse,lubridate,ateucher,1
tidyverse,lubridate,arneschillert,1
tidyverse,lubridate,tuttinator,1
tidyverse,lubridate,cmartin,1
tidyverse,lubridate,infotroph,1
tidyverse,lubridate,hoesler,1
tidyverse,lubridate,ctbrown,1
tidyverse,lubridate,ekstroem,1
tidyverse,lubridate,dmedri,1
tidyverse,lubridate,dpocock,1
tidyverse,lubridate,drkrynstrng,1
tidyverse,lubridate,gadenbuie,1
tidyverse,lubridate,jiho,1
tidyverse,lubridate,jimhester,1
tidyverse,lubridate,juba,1
tidyverse,lubridate,kendonB,1
tidyverse,lubridate,Kevin-M-Smith,1
tidyverse,lubridate,lselzer,1
tidyverse,lubridate,moslehi,1
tidyverse,lubridate,mmparker,1
tidyverse,lubridate,mkuehn10,1
tidyverse,lubridate,Ironholds,1
tidyverse,lubridate,schoonees,1
tidyverse,lubridate,richierocks,1
tidyverse,lubridate,superchordate,1
tidyverse,lubridate,setempler,1
tidyverse,lubridate,datalove,1
tidyverse,lubridate,tsbattman,1
tidyverse,lubridate,wch,1
tidyverse,lubridate,shrektan,1
tidyverse,lubridate,fieldryand,1
tidyverse,lubridate,jjchern,1
tidyverse,lubridate,lambiase,1
tidyverse,lubridate,muschellij2,1
tidyverse,lubridate,peytonm,1
tidyverse,lubridate,rnuske,1
tidyverse,lubridate,tberkowitz,1
tidyverse,magrittr,smbache,110
tidyverse,magrittr,hadley,58
tidyverse,magrittr,tonytonov,3
tidyverse,magrittr,casallas,3
tidyverse,magrittr,dlebauer,2
tidyverse,magrittr,prosoitos,2
tidyverse,magrittr,rsaporta,2
tidyverse,magrittr,ajschumacher,1
tidyverse,magrittr,bfgray3,1
tidyverse,magrittr,dchudz,1
tidyverse,magrittr,gaborcsardi,1
tidyverse,magrittr,jdnewmil,1
tidyverse,magrittr,jimhester,1
tidyverse,magrittr,lionel-,1
tidyverse,magrittr,pkq,1
tidyverse,magrittr,robertzk,1
tidyverse,magrittr,romainfrancois,1
tidyverse,magrittr,steromano,1
tidyverse,magrittr,wibeasley,1
tidyverse,magrittr,isomorphisms,1
tidyverse,magrittr,leerssej,1
tidyverse,modelr,hadley,95
tidyverse,modelr,lionel-,10
tidyverse,modelr,dgrtwo,8
tidyverse,modelr,jrnold,4
tidyverse,modelr,bensoltoff,1
tidyverse,modelr,sjPlot,1
tidyverse,modelr,EllaKaye,1
tidyverse,modelr,RoyalTS,1
tidyverse,modelr,dtelad11,1
tidyverse,modelr,jmarshallnz,1
tidyverse,modelr,neilmontgomery,1
tidyverse,modelr,yutannihilation,1
tidyverse,principles,hadley,8
tidyverse,principles,jennybc,6
tidyverse,principles,lindbrook,1
tidyverse,purrr,lionel-,443
tidyverse,purrr,hadley,389
tidyverse,purrr,jennybc,9
tidyverse,purrr,yutannihilation,7
tidyverse,purrr,batpigandme,6
tidyverse,purrr,flying-sheep,5
tidyverse,purrr,michaelquinn32,5
tidyverse,purrr,dandermotj,5
tidyverse,purrr,krlmlr,5
tidyverse,purrr,cderv,3
tidyverse,purrr,coolbutuseless,3
tidyverse,purrr,artemklevtsov,2
tidyverse,purrr,daniel-barnett,2
tidyverse,purrr,jameslamb,2
tidyverse,purrr,jimhester,2
tidyverse,purrr,mikmart,2
tidyverse,purrr,wibeasley,2
tidyverse,purrr,burchill,2
tidyverse,purrr,jrnold,2
tidyverse,purrr,aaronwolen,1
tidyverse,purrr,pierucci,1
tidyverse,purrr,AshesITR,1
tidyverse,purrr,benmarwick,1
tidyverse,purrr,ColinFay,1
tidyverse,purrr,davharris,1
tidyverse,purrr,dchiu911,1
tidyverse,purrr,egnha,1
tidyverse,purrr,ijlyttle,1
tidyverse,purrr,ilarischeinin,1
tidyverse,purrr,namelessjon,1
tidyverse,purrr,rv-jizzard,1
tidyverse,purrr,huftis,1
tidyverse,purrr,prosoitos,1
tidyverse,purrr,markdly,1
tidyverse,purrr,msonnabaum,1
tidyverse,purrr,maurolepore,1
tidyverse,purrr,mgirlich,1
tidyverse,purrr,mikelove,1
tidyverse,purrr,NoahMarconi,1
tidyverse,purrr,pkq,1
tidyverse,purrr,phaverty,1
tidyverse,purrr,richierocks,1
tidyverse,purrr,rmflight,1
tidyverse,purrr,romainfrancois,1
tidyverse,purrr,RLesur,1
tidyverse,purrr,sjackman,1
tidyverse,purrr,tjmahr,1
tidyverse,purrr,t-kalinowski,1
tidyverse,purrr,tyluRp,1
tidyverse,purrr,vspinu,1
tidyverse,purrr,emojiencoding,1
tidyverse,purrr,dgromer,1
tidyverse,purrr,gergness,1
tidyverse,purrr,jankislinger,1
tidyverse,purrr,michaelweylandt,1
tidyverse,purrr,smbache,1
tidyverse,readr,hadley,679
tidyverse,readr,jimhester,399
tidyverse,readr,romainfrancois,122
tidyverse,readr,npjc,33
tidyverse,readr,jrnold,26
tidyverse,readr,edwindj,8
tidyverse,readr,batpigandme,8
tidyverse,readr,jennybc,7
tidyverse,readr,Ironholds,6
tidyverse,readr,astamm,5
tidyverse,readr,asnr,5
tidyverse,readr,krlmlr,5
tidyverse,readr,yutannihilation,4
tidyverse,readr,bearloga,4
tidyverse,readr,gergness,3
tidyverse,readr,sambrady3,3
tidyverse,readr,dewittpe,3
tidyverse,readr,md0u80c9,2
tidyverse,readr,cderv,2
tidyverse,readr,DanRuderman,2
tidyverse,readr,mawds,2
tidyverse,readr,jeroen,2
tidyverse,readr,kbenoit,2
tidyverse,readr,hoehleatsu,2
tidyverse,readr,michaelquinn32,2
tidyverse,readr,kmillar,2
tidyverse,readr,noamross,2
tidyverse,readr,dickoa,1
tidyverse,readr,alyst,1
tidyverse,readr,ajdamico,1
tidyverse,readr,pierucci,1
tidyverse,readr,benmarwick,1
tidyverse,readr,billdenney,1
tidyverse,readr,bbrewington,1
tidyverse,readr,cboettig,1
tidyverse,readr,christophergandrud,1
tidyverse,readr,daattali,1
tidyverse,readr,cb4ds,1
tidyverse,readr,nacnudus,1
tidyverse,readr,QuLogic,1
tidyverse,readr,fpinter,1
tidyverse,readr,gregrs-uk,1
tidyverse,readr,ijlyttle,1
tidyverse,readr,izahn,1
tidyverse,readr,dapperjapper,1
tidyverse,readr,jdeboer,1
tidyverse,readr,johnmcdonnell,1
tidyverse,readr,namelessjon,1
tidyverse,readr,KKulma,1
tidyverse,readr,kwstat,1
tidyverse,readr,LluisRamon,1
tidyverse,readr,mikmart,1
tidyverse,readr,olgamie,1
tidyverse,readr,RomeroBarata,1
tidyverse,readr,rgknight,1
tidyverse,readr,zeehio,1
tidyverse,readr,uribo,1
tidyverse,readr,leeper,1
tidyverse,readr,tigertoes,1
tidyverse,readr,TonyLadson,1
tidyverse,readr,tvedebrink,1
tidyverse,readr,wibeasley,1
tidyverse,readr,antoine-lizee,1
tidyverse,readr,blakeboswell,1
tidyverse,readr,dgromer,1
tidyverse,readr,ghaarsma,1
tidyverse,readr,ryanatanner,1
tidyverse,readr,osorensen,1
tidyverse,readxl,jennybc,246
tidyverse,readxl,hadley,176
tidyverse,readxl,jeroen,10
tidyverse,readxl,jirkalewandowski,7
tidyverse,readxl,bquast,4
tidyverse,readxl,jimhester,4
tidyverse,readxl,zeehio,4
tidyverse,readxl,batpigandme,3
tidyverse,readxl,nacnudus,2
tidyverse,readxl,apreshill,1
tidyverse,readxl,apjanke,1
tidyverse,readxl,benmarwick,1
tidyverse,readxl,dchiu911,1
tidyverse,readxl,FvD,1
tidyverse,readxl,gergness,1
tidyverse,readxl,JakeRuss,1
tidyverse,readxl,kevinushey,1
tidyverse,readxl,kwstat,1
tidyverse,readxl,krlmlr,1
tidyverse,readxl,mkuhn,1
tidyverse,readxl,PedramNavid,1
tidyverse,readxl,rohan-shah,1
tidyverse,readxl,tklebel,1
tidyverse,reprex,jennybc,401
tidyverse,reprex,hadley,25
tidyverse,reprex,jimhester,4
tidyverse,reprex,yutannihilation,3
tidyverse,reprex,batpigandme,3
tidyverse,reprex,dgrtwo,2
tidyverse,reprex,krlmlr,2
tidyverse,reprex,lorenzwalthert,2
tidyverse,reprex,mrchypark,1
tidyverse,reprex,cderv,1
tidyverse,reprex,alistaire47,1
tidyverse,reprex,paternogbc,1
tidyverse,reprex,markdly,1
tidyverse,reprex,mdlincoln,1
tidyverse,reprex,njtierney,1
tidyverse,reprex,uribo,1
tidyverse,reprex,helix123,1
tidyverse,stringr,hadley,359
tidyverse,stringr,gagolews,7
tidyverse,stringr,smbache,6
tidyverse,stringr,gnustats,4
tidyverse,stringr,batpigandme,3
tidyverse,stringr,christophergandrud,2
tidyverse,stringr,ClaytonJY,2
tidyverse,stringr,dchiu911,2
tidyverse,stringr,yutannihilation,2
tidyverse,stringr,Shians,2
tidyverse,stringr,tjmahr,2
tidyverse,stringr,zhaoy,2
tidyverse,stringr,andrew,1
tidyverse,stringr,austin3dickey,1
tidyverse,stringr,PirateGrunt,1
tidyverse,stringr,luckyrandom,1
tidyverse,stringr,cderv,1
tidyverse,stringr,craigcitro,1
tidyverse,stringr,florisvdh,1
tidyverse,stringr,gadenbuie,1
tidyverse,stringr,gaborcsardi,1
tidyverse,stringr,jameshowison,1
tidyverse,stringr,jennybc,1
tidyverse,stringr,jcheng5,1
tidyverse,stringr,jonmcalder,1
tidyverse,stringr,karldw,1
tidyverse,stringr,krlmlr,1
tidyverse,stringr,lmullen,1
tidyverse,stringr,PeteHaitch,1
tidyverse,stringr,ruderphilipp,1
tidyverse,stringr,richierocks,1
tidyverse,stringr,seanpor,1
tidyverse,stringr,stephlocke,1
tidyverse,stringr,t-kalinowski,1
tidyverse,stringr,amhrasmussen,1
tidyverse,stringr,djrobust,1
tidyverse,stringr,hongshaoyang,1
tidyverse,stringr,pitakakariki,1
tidyverse,style,hadley,73
tidyverse,style,lorenzwalthert,8
tidyverse,style,lindbrook,8
tidyverse,style,jonmcalder,5
tidyverse,style,garrettgman,5
tidyverse,style,batpigandme,4
tidyverse,style,jennybc,4
tidyverse,style,kenahoo,2
tidyverse,style,krlmlr,2
tidyverse,style,antass,1
tidyverse,style,billdenney,1
tidyverse,style,dpprdan,1
tidyverse,style,j450h1,1
tidyverse,style,endore,1
tidyverse,style,karawoo,1
tidyverse,style,markdly,1
tidyverse,style,maurolepore,1
tidyverse,style,pkq,1
tidyverse,style,s-fleck,1
tidyverse,style,fiducioso-stephan,1
tidyverse,style,thomascwells,1
tidyverse,style,martin-mfg,1
tidyverse,tibble,krlmlr,992
tidyverse,tibble,hadley,808
tidyverse,tibble,romainfrancois,150
tidyverse,tibble,jennybc,66
tidyverse,tibble,anhqle,45
tidyverse,tibble,lionel-,28
tidyverse,tibble,hannesmuehleisen,14
tidyverse,tibble,jimhester,11
tidyverse,tibble,zhilongjia,11
tidyverse,tibble,kevinushey,9
tidyverse,tibble,patperry,7
tidyverse,tibble,DavisVaughan,6
tidyverse,tibble,ilarischeinin,6
tidyverse,tibble,batpigandme,5
tidyverse,tibble,ncarchedi,5
tidyverse,tibble,holstius,3
tidyverse,tibble,echasnovski,3
tidyverse,tibble,jeffreyhanson,3
tidyverse,tibble,kevinykuo,3
tidyverse,tibble,lindbrook,3
tidyverse,tibble,earino,2
tidyverse,tibble,Enchufa2,2
tidyverse,tibble,maxheld83,2
tidyverse,tibble,cosinequanon,2
tidyverse,tibble,uribo,2
tidyverse,tibble,helix123,2
tidyverse,tibble,ijlyttle,2
tidyverse,tibble,alexwhan,1
tidyverse,tibble,alyst,1
tidyverse,tibble,arunsrinivasan,1
tidyverse,tibble,bgreenwell,1
tidyverse,tibble,bhive01,1
tidyverse,tibble,cderv,1
tidyverse,tibble,csgillespie,1
tidyverse,tibble,craigcitro,1
tidyverse,tibble,eibanez,1
tidyverse,tibble,edwindj,1
tidyverse,tibble,QuLogic,1
tidyverse,tibble,etiennebr,1
tidyverse,tibble,imanuelcostigan,1
tidyverse,tibble,kwstat,1
tidyverse,tibble,mgirlich,1
tidyverse,tibble,michaelweylandt,1
tidyverse,tibble,pat-s,1
tidyverse,tibble,mundl,1
tidyverse,tibble,xiaodaigh,1
tidyverse,tibble,earowang,1
tidyverse,tibble,hs3180,1
tidyverse,tidyeval,lionel-,21
tidyverse,tidyeval,batpigandme,1
tidyverse,tidyr,hadley,424
tidyverse,tidyr,lionel-,78
tidyverse,tidyr,jennybc,14
tidyverse,tidyr,batpigandme,12
tidyverse,tidyr,krlmlr,10
tidyverse,tidyr,jimhester,6
tidyverse,tidyr,markdly,6
tidyverse,tidyr,joshkatz,4
tidyverse,tidyr,aaronwolen,4
tidyverse,tidyr,lorenzwalthert,2
tidyverse,tidyr,rmsharp,2
tidyverse,tidyr,wibeasley,2
tidyverse,tidyr,dgrtwo,2
tidyverse,tidyr,webbedfeet,1
tidyverse,tidyr,foundinblank,1
tidyverse,tidyr,pierucci,1
tidyverse,tidyr,artemklevtsov,1
tidyverse,tidyr,billdenney,1
tidyverse,tidyr,ChuliangXiao,1
tidyverse,tidyr,colearendt,1
tidyverse,tidyr,danliIDEA,1
tidyverse,tidyr,dhimmel,1
tidyverse,tidyr,holstius,1
tidyverse,tidyr,Dpananos,1
tidyverse,tidyr,statisfactions,1
tidyverse,tidyr,yutannihilation,1
tidyverse,tidyr,karldw,1
tidyverse,tidyr,karthik,1
tidyverse,tidyr,mkcor,1
tidyverse,tidyr,mkuehn10,1
tidyverse,tidyr,ngr-t,1
tidyverse,tidyr,njtierney,1
tidyverse,tidyr,schoonees,1
tidyverse,tidyr,rbloehm,1
tidyverse,tidyr,tjmahr,1
tidyverse,tidyr,guillett,1
tidyverse,tidyr,thomasp85,1
tidyverse,tidyr,l-d-s,1
tidyverse,tidyr,seaaan,1
tidyverse,tidyr,tverbeke,1
tidyverse,tidyselect,lionel-,220
tidyverse,tidyselect,hadley,45
tidyverse,tidyselect,krlmlr,20
tidyverse,tidyselect,romainfrancois,7
tidyverse,tidyselect,batpigandme,3
tidyverse,tidyselect,dpprdan,1
tidyverse,tidyselect,jennybc,1
tidyverse,tidyselect,karawoo,1
tidyverse,tidyselect,terrytangyuan,1
tidyverse,tidyselect,gergness,1
tidyverse,tidyselect,kevinushey,1
tidyverse,tidyselect,leondutoit,1
tidyverse,tidyselect,r2evans,1
tidyverse,tidytemplate,hadley,68
tidyverse,tidytemplate,batpigandme,10
tidyverse,tidytemplate,DavisVaughan,7
tidyverse,tidytemplate,krlmlr,2
tidyverse,tidytemplate,gregrs-uk,1
tidyverse,tidytemplate,jayhesselberth,1
tidyverse,tidytemplate,ras44,1
tidyverse,tidyverse,hadley,126
tidyverse,tidyverse,jennybc,7
tidyverse,tidyverse,batpigandme,5
tidyverse,tidyverse,dchiu911,3
tidyverse,tidyverse,eddelbuettel,3
tidyverse,tidyverse,gaborcsardi,3
tidyverse,tidyverse,benmarwick,1
tidyverse,tidyverse,gregmacfarlane,1
tidyverse,tidyverse,harrismcgehee,1
tidyverse,tidyverse,coatless,1
tidyverse,tidyverse,jimhester,1
tidyverse,tidyverse,krlmlr,1
tidyverse,tidyverse,mdlincoln,1
tidyverse,tidyverse,michaeltoth,1
tidyverse,tidyverse,njtierney,1
tidyverse,tidyverse,defconst,1
tidyverse,tidyverse,RiRam,1
tidyverse,tidyverse,serhatcevikel,1
tidyverse,tidyverse,zhaoy,1
r-lib,ansistrings,gaborcsardi,38
r-lib,ansistrings,brodieG,19
r-lib,ansistrings,krlmlr,1
r-lib,async,gaborcsardi,403
r-lib,async,jeroen,1
r-lib,backports,mllg,93
r-lib,backports,krlmlr,2
r-lib,bench,jimhester,127
r-lib,bench,espinielli,1
r-lib,bench,HughParsonage,1
r-lib,callr,gaborcsardi,249
r-lib,callr,hadley,2
r-lib,callr,ChrisMuir,1
r-lib,callr,nuest,1
r-lib,callr,jennybc,1
r-lib,callr,jdblischak,1
r-lib,callr,pkq,1
r-lib,callr,wch,1
r-lib,callr,shrektan,1
r-lib,carrier,lionel-,33
r-lib,carrier,batpigandme,1
r-lib,cli,gaborcsardi,155
r-lib,cli,hadley,14
r-lib,cli,krlmlr,5
r-lib,cli,dchiu911,1
r-lib,cli,zachary-foster,1
r-lib,cliapp,gaborcsardi,61
r-lib,clisymbols,gaborcsardi,38
r-lib,conf,gaborcsardi,16
r-lib,conflicted,hadley,132
r-lib,covr,jimhester,739
r-lib,covr,chinqw,28
r-lib,covr,HenrikBengtsson,26
r-lib,covr,stevepeak,14
r-lib,covr,kirillseva,12
r-lib,covr,jonclayden,9
r-lib,covr,rmflight,9
r-lib,covr,enbrown,4
r-lib,covr,brodieG,4
r-lib,covr,renkun-ken,4
r-lib,covr,wligtenberg,3
r-lib,covr,daroczig,2
r-lib,covr,gaborcsardi,2
r-lib,covr,kforner,2
r-lib,covr,wamserma,2
r-lib,covr,patperry,2
r-lib,covr,robertzk,2
r-lib,covr,wibeasley,2
r-lib,covr,helske,2
r-lib,covr,CSJCampbell,1
r-lib,covr,maodunzhe,1
r-lib,covr,hughjonesd,1
r-lib,covr,daattali,1
r-lib,covr,surmann,1
r-lib,covr,egnha,1
r-lib,covr,JeanLescut,1
r-lib,covr,jeroen,1
r-lib,covr,karl-forner-quartz-bio,1
r-lib,covr,kenahoo,1
r-lib,covr,MichaelChirico,1
r-lib,covr,RolandASc,1
r-lib,covr,kiwiroy,1
r-lib,covr,russellpierce,1
r-lib,covr,siddharthab,1
r-lib,covr,chen-liang-oracle,1
r-lib,covr,realAkhmed,1
r-lib,covr,samssann,1
r-lib,crancache,gaborcsardi,73
r-lib,crancache,hadley,2
r-lib,crancache,krlmlr,1
r-lib,crayon,gaborcsardi,174
r-lib,crayon,brodieG,26
r-lib,crayon,jimhester,6
r-lib,crayon,krlmlr,3
r-lib,crayon,rdiaz02,2
r-lib,crayon,salim-b,2
r-lib,crayon,dnusinow,1
r-lib,crayon,cubranic,1
r-lib,crayon,e3bo,1
r-lib,crayon,fmichonneau,1
r-lib,crayon,nfultz,1
r-lib,crayon,richfitz,1
r-lib,crayon,romainfrancois,1
r-lib,crayon,vreuter,1
r-lib,credentials,jeroen,78
r-lib,debugme,gaborcsardi,50
r-lib,debugme,kforner,1
r-lib,debugme,MHenderson,1
r-lib,desc,gaborcsardi,199
r-lib,desc,jimhester,3
r-lib,desc,maelle,3
r-lib,desc,krlmlr,2
r-lib,desc,dpastoor,1
r-lib,desc,jennybc,1
r-lib,desc,jeroen,1
r-lib,desc,llrs,1
r-lib,desc,mvkorpel,1
r-lib,devoid,thomasp85,6
r-lib,devtools,hadley,1423
r-lib,devtools,jimhester,610
r-lib,devtools,wch,402
r-lib,devtools,jennybc,44
r-lib,devtools,rmflight,34
r-lib,devtools,kevinushey,16
r-lib,devtools,lev-kuznetsov,16
r-lib,devtools,kohske,16
r-lib,devtools,Geoff99,14
r-lib,devtools,krlmlr,14
r-lib,devtools,gaborcsardi,14
r-lib,devtools,jeroen,11
r-lib,devtools,ashander,9
r-lib,devtools,yoni,9
r-lib,devtools,bpbond,8
r-lib,devtools,robertzk,8
r-lib,devtools,yihui,6
r-lib,devtools,HenrikBengtsson,5
r-lib,devtools,ateucher,5
r-lib,devtools,brentonk,4
r-lib,devtools,hmalmedal,4
r-lib,devtools,imanuelcostigan,4
r-lib,devtools,jiho,4
r-lib,devtools,ncarchedi,4
r-lib,devtools,richfitz,4
r-lib,devtools,craigcitro,4
r-lib,devtools,amcdavid,3
r-lib,devtools,bquast,3
r-lib,devtools,karthik,3
r-lib,devtools,lionel-,3
r-lib,devtools,mbjones,3
r-lib,devtools,adrtod,2
r-lib,devtools,az0,2
r-lib,devtools,daattali,2
r-lib,devtools,fmichonneau,2
r-lib,devtools,ianmcook,2
r-lib,devtools,ijlyttle,2
r-lib,devtools,jjallaire,2
r-lib,devtools,jrnold,2
r-lib,devtools,jimvine,2
r-lib,devtools,jcheng5,2
r-lib,devtools,jdblischak,2
r-lib,devtools,jmcphers,2
r-lib,devtools,juliangehring,2
r-lib,devtools,karl-forner-quartz-bio,2
r-lib,devtools,batpigandme,2
r-lib,devtools,martinstuder,2
r-lib,devtools,mnel,2
r-lib,devtools,npjc,2
r-lib,devtools,flying-sheep,2
r-lib,devtools,philliplab,2
r-lib,devtools,randy3k,2
r-lib,devtools,rcannood,2
r-lib,devtools,kiwiroy,2
r-lib,devtools,AmundsenJunior,2
r-lib,devtools,StevenMMortimer,2
r-lib,devtools,stevensurgnier,2
r-lib,devtools,tklebel,2
r-lib,devtools,thomasp85,2
r-lib,devtools,plantarum,2
r-lib,devtools,nbenn,2
r-lib,devtools,seankross,2
r-lib,devtools,theGreatWhiteShark,2
r-lib,devtools,BrianDiggs,2
r-lib,devtools,pavel-filatov,2
r-lib,devtools,renozao,2
r-lib,devtools,adamhsparks,1
r-lib,devtools,tonytonov,1
r-lib,devtools,onlymee,1
r-lib,devtools,bborgesr,1
r-lib,devtools,brendan-r,1
r-lib,devtools,ChrisMuir,1
r-lib,devtools,dlebauer,1
r-lib,devtools,eibanez,1
r-lib,devtools,edwindj,1
r-lib,devtools,gavinsimpson,1
r-lib,devtools,hansharhoff,1
r-lib,devtools,HughParsonage,1
r-lib,devtools,moonboots,1
r-lib,devtools,james-atkins,1
r-lib,devtools,jayhesselberth,1
r-lib,devtools,karawoo,1
r-lib,devtools,Kevin-Jin,1
r-lib,devtools,kornl,1
r-lib,devtools,lmullen,1
r-lib,devtools,lbusett,1
r-lib,devtools,wamserma,1
r-lib,devtools,ntdef,1
r-lib,devtools,nparley,1
r-lib,devtools,potterzot,1
r-lib,devtools,niranjv,1
r-lib,devtools,pkq,1
r-lib,devtools,Paxanator,1
r-lib,devtools,philchalmers,1
r-lib,devtools,pranayaryal,1
r-lib,devtools,ricardo-bion,1
r-lib,devtools,scottkosty,1
r-lib,devtools,seaaan,1
r-lib,devtools,uribo,1
r-lib,devtools,shabbychef,1
r-lib,devtools,gitter-badger,1
r-lib,devtools,leeper,1
r-lib,devtools,kalibera,1
r-lib,devtools,twolodzko,1
r-lib,devtools,vspinu,1
r-lib,devtools,wibeasley,1
r-lib,devtools,WilDoane,1
r-lib,devtools,bbolker,1
r-lib,devtools,jlburkhead,1
r-lib,devtools,kiendang,1
r-lib,devtools,lindbrook,1
r-lib,devtools,statwonk,1
r-lib,devtools,yui-knk,1
r-lib,evaluate,yihui,194
r-lib,evaluate,hadley,129
r-lib,evaluate,lawremi,6
r-lib,evaluate,takluyver,5
r-lib,evaluate,yutannihilation,2
r-lib,evaluate,jeroen,2
r-lib,evaluate,adamryczkowski,1
r-lib,evaluate,schloerke,1
r-lib,evaluate,filipsch,1
r-lib,evaluate,krlmlr,1
r-lib,evaluate,mllg,1
r-lib,evaluate,flying-sheep,1
r-lib,evaluate,wahani,1
r-lib,filelock,gaborcsardi,54
r-lib,fs,bnoordhuis,1213
r-lib,fs,piscisaureus,675
r-lib,fs,jimhester,475
r-lib,fs,saghul,405
r-lib,fs,ry,337
r-lib,fs,indutny,119
r-lib,fs,cjihrig,82
r-lib,fs,tjfontaine,69
r-lib,fs,jBarz,42
r-lib,fs,hadley,32
r-lib,fs,santigimeno,29
r-lib,fs,isaacs,28
r-lib,fs,txdv,28
r-lib,fs,bzoz,26
r-lib,fs,bradking,21
r-lib,fs,erickt,21
r-lib,fs,schlamar,18
r-lib,fs,HenryRawas,15
r-lib,fs,orangemocha,14
r-lib,fs,imran-iq,14
r-lib,fs,jedisct1,14
r-lib,fs,mscdex,14
r-lib,fs,mmalecki,14
r-lib,fs,zerhacken,13
r-lib,fs,AvianFlu,12
r-lib,fs,alexcrichton,11
r-lib,fs,vtjnash,10
r-lib,fs,krytarowski,10
r-lib,fs,rmustacc,10
r-lib,fs,jorangreef,8
r-lib,fs,kthelgason,8
r-lib,fs,trevnorris,8
r-lib,fs,japj,7
r-lib,fs,luislavena,7
r-lib,fs,DrPizza,7
r-lib,fs,joaocgreis,6
r-lib,fs,lucab,6
r-lib,fs,bajtos,6
r-lib,fs,recp,6
r-lib,fs,refack,6
r-lib,fs,jennybc,6
r-lib,fs,okuoku,6
r-lib,fs,Keno,6
r-lib,fs,mneumann,5
r-lib,fs,mattn,5
r-lib,fs,waywardmonkeys,4
r-lib,fs,danbev,4
r-lib,fs,gireeshpunathil,4
r-lib,fs,hnakamur,4
r-lib,fs,maksqwe,4
r-lib,fs,skypjack,4
r-lib,fs,rioki,4
r-lib,fs,fdopen,4
r-lib,fs,seishun,4
r-lib,fs,sam-github,4
r-lib,fs,apaprocki,3
r-lib,fs,typester,3
r-lib,fs,calid,3
r-lib,fs,ibc,3
r-lib,fs,jasongin,3
r-lib,fs,whitlockjc,3
r-lib,fs,64,3
r-lib,fs,mmicko,3
r-lib,fs,richardlau,3
r-lib,fs,equalsraf,3
r-lib,fs,BlueHaunter,3
r-lib,fs,skabbes,3
r-lib,fs,huxingyi,3
r-lib,fs,qbit,3
r-lib,fs,lhecker,3
r-lib,fs,thefourtheye,3
r-lib,fs,moteus,2
r-lib,fs,wanderview,2
r-lib,fs,Ralith,2
r-lib,fs,kroggen,2
r-lib,fs,beevik,2
r-lib,fs,avalanche123,2
r-lib,fs,carenas,2
r-lib,fs,wankdanker,2
r-lib,fs,staticfloat,2
r-lib,fs,erikdubbelboer,2
r-lib,fs,geertj,2
r-lib,fs,goffrie,2
r-lib,fs,HungMingWu,2
r-lib,fs,Qix-,2
r-lib,fs,jgeralnik,2
r-lib,fs,jneu,2
r-lib,fs,skomski,2
r-lib,fs,lgierth,2
r-lib,fs,ujsxn,2
r-lib,fs,TooTallNate,2
r-lib,fs,obastemur,2
r-lib,fs,pquerna,2
r-lib,fs,Hinidu,2
r-lib,fs,defunctzombie,2
r-lib,fs,shimondoodkin,2
r-lib,fs,starwing,2
r-lib,fs,sgallagher,2
r-lib,fs,stakach,2
r-lib,fs,thughes,2
r-lib,fs,tkelman,2
r-lib,fs,trondn,2
r-lib,fs,unknownbrackets,2
r-lib,fs,baremetalfreak,2
r-lib,fs,dvv,2
r-lib,fs,vcunat,2
r-lib,fs,wavexx,2
r-lib,fs,jhamhader,2
r-lib,fs,nmushell,2
r-lib,fs,bigeasy,2
r-lib,fs,deleisha,2
r-lib,fs,mhdawson,2
r-lib,fs,ugexe,2
r-lib,fs,KungFuJesus,1
r-lib,fs,alanjrogers,1
r-lib,fs,alex,1
r-lib,fs,alexhultman,1
r-lib,fs,almosnow,1
r-lib,fs,amurzeau,1
r-lib,fs,bsnote,1
r-lib,fs,burlito,1
r-lib,fs,andrewlow,1
r-lib,fs,ashaffer,1
r-lib,fs,misery,1
r-lib,fs,gubatron,1
r-lib,fs,anticrisis,1
r-lib,fs,arturadib,1
r-lib,fs,ahhentz,1
r-lib,fs,gemabarni,1
r-lib,fs,lomew,1
r-lib,fs,bennoleslie,1
r-lib,fs,btrask,1
r-lib,fs,philips,1
r-lib,fs,briangreenery,1
r-lib,fs,bkize,1
r-lib,fs,brimworks,1
r-lib,fs,bcantrill,1
r-lib,fs,cjdelisle,1
r-lib,fs,CarterA,1
r-lib,fs,zcbenz,1
r-lib,fs,chris-araman,1
r-lib,fs,chrisbank,1
r-lib,fs,cjheath,1
r-lib,fs,csnover,1
r-lib,fs,MostAwesomeDude,1
r-lib,fs,coreyfarrell,1
r-lib,fs,CurlyMoo,1
r-lib,fs,dkg,1
r-lib,fs,dharesign,1
r-lib,fs,dacap,1
r-lib,fs,lynxluna,1
r-lib,fs,EdSchouten,1
r-lib,fs,skeggse,1
r-lib,fs,odeke-em,1
r-lib,fs,Gottox,1
r-lib,fs,ericsciple,1
r-lib,fs,gadenbuie,1
r-lib,fs,geminiwen,1
r-lib,fs,gyohng,1
r-lib,fs,ngg,1
r-lib,fs,ghmlee,1
r-lib,fs,hdeller,1
r-lib,fs,digitalinfinity,1
r-lib,fs,hhellyer,1
r-lib,fs,iankronquist,1
r-lib,fs,soarez,1
r-lib,fs,ihnorton,1
r-lib,fs,guill,1
r-lib,fs,jamessan,1
r-lib,fs,davisjam,1
r-lib,fs,jamadden,1
r-lib,fs,jay,1
r-lib,fs,jeffwidman,1
r-lib,fs,h0tw1r3,1
r-lib,fs,jeroen,1
r-lib,fs,INRIX-joel-winarske,1
r-lib,fs,jbergstroem,1
r-lib,fs,jfirebaugh,1
r-lib,fs,jrmarino,1
r-lib,fs,mcnameej,1
r-lib,fs,xk,1
r-lib,fs,joshthecoder,1
r-lib,fs,josh,1
r-lib,fs,hrektts,1
r-lib,fs,kazuho,1
r-lib,fs,erichkeane,1
r-lib,fs,thothonegan,1
r-lib,fs,kevinushey,1
r-lib,fs,krrishnarraj,1
r-lib,fs,kristrev,1
r-lib,fs,ljbade,1
r-lib,fs,loganrosen,1
r-lib,fs,lodejard,1
r-lib,fs,gigi81,1
r-lib,fs,lasote,1
r-lib,fs,lperkov,1
r-lib,fs,ljagiello,1
r-lib,fs,Neverous,1
r-lib,fs,marekjelen,1
r-lib,fs,martinbark,1
r-lib,fs,mtorromeo,1
r-lib,fs,knopp,1
r-lib,fs,mattyclarkson,1
r-lib,fs,mtharrison,1
r-lib,fs,mattstevens,1
r-lib,fs,msporleder,1
r-lib,fs,mikefero,1
r-lib,fs,mkrufky,1
r-lib,fs,mpenick,1
r-lib,fs,yndi,1
r-lib,fs,MylesBorins,1
r-lib,fs,corvino,1
r-lib,fs,nathanjsweet,1
r-lib,fs,navaneeth,1
r-lib,fs,nmaier,1
r-lib,fs,nori0428,1
r-lib,fs,bonifaido,1
r-lib,fs,oleavr,1
r-lib,fs,Sannis,1
r-lib,fs,paddybyers,1
r-lib,fs,paulgoldsmith,1
r-lib,fs,pyokagan,1
r-lib,fs,pekkanikander,1
r-lib,fs,pni-qlik,1
r-lib,fs,retep998,1
r-lib,fs,petkaantonov,1
r-lib,fs,plafer,1
r-lib,fs,pmderodat,1
r-lib,fs,meh,1
r-lib,fs,Raulmsm,1
r-lib,fs,readams,1
r-lib,fs,rayrapetyan,1
r-lib,fs,robertchiras,1
r-lib,fs,eljefedelrodeodeljefe,1
r-lib,fs,Rolinh,1
r-lib,fs,ralight,1
r-lib,fs,supercairos,1
r-lib,fs,RossBencina,1
r-lib,fs,ryancole,1
r-lib,fs,rynz,1
r-lib,fs,onceking,1
r-lib,fs,tynril,1
r-lib,fs,scott-parker,1
r-lib,fs,chisophugis,1
r-lib,fs,wiedi,1
r-lib,fs,shanewholloway,1
r-lib,fs,shigeki,1
r-lib,fs,chobie,1
r-lib,fs,Pagghiu,1
r-lib,fs,L8D,1
r-lib,fs,thlorenz,1
r-lib,fs,tfeb,1
r-lib,fs,creationix,1
r-lib,fs,bontibon,1
r-lib,fs,timholy,1
r-lib,fs,pH200,1
r-lib,fs,tj,1
r-lib,fs,TomCrypto,1
r-lib,fs,neojski,1
r-lib,fs,tonistiigi,1
r-lib,fs,tonytheodore,1
r-lib,fs,vanillahsu,1
r-lib,fs,GegznaV,1
r-lib,fs,vladima,1
r-lib,fs,wadetb,1
r-lib,fs,iwillspeak,1
r-lib,fs,willemt,1
r-lib,fs,wrl,1
r-lib,fs,winksaville,1
r-lib,fs,XadillaX,1
r-lib,fs,upsuper,1
r-lib,fs,yorkie,1
r-lib,fs,yosuke-furukawa,1
r-lib,fs,zacharyhamm,1
r-lib,fs,znewman01,1
r-lib,fs,realthunder,1
r-lib,fs,chenttuuvv,1
r-lib,fs,ci42,1
r-lib,fs,darobs,1
r-lib,fs,farblue68,1
r-lib,fs,guworks,1
r-lib,fs,heshamsafi,1
r-lib,fs,kkdaemon,1
r-lib,fs,lilohuang,1
r-lib,fs,icexile,1
r-lib,fs,muflub,1
r-lib,fs,neevek,1
r-lib,fs,privefl,1
r-lib,fs,rayrase,1
r-lib,fs,seebees,1
r-lib,fs,kod21236,1
r-lib,fs,thierry-FreeBSD,1
r-lib,fs,uudiin,1
r-lib,fs,chopdown,1
r-lib,gargle,jennybc,56
r-lib,gargle,craigcitro,33
r-lib,gargle,hadley,3
r-lib,gargle,batpigandme,2
r-lib,generics,topepo,55
r-lib,generics,DavisVaughan,38
r-lib,generics,hadley,11
r-lib,generics,mitchelloharawild,6
r-lib,generics,alexpghayes,3
r-lib,generics,jimhester,1
r-lib,gh,gaborcsardi,69
r-lib,gh,jennybc,34
r-lib,gh,hadley,6
r-lib,gh,noamross,4
r-lib,gh,krlmlr,3
r-lib,gh,batpigandme,2
r-lib,gh,coatless,1
r-lib,gh,jimhester,1
r-lib,gh,jsta,1
r-lib,gh,lionel-,1
r-lib,gh,realAkhmed,1
r-lib,governance,hadley,2
r-lib,gtable,hadley,82
r-lib,gtable,wch,66
r-lib,gtable,thomasp85,15
r-lib,gtable,pmur002,5
r-lib,gtable,kohske,5
r-lib,gtable,mvkorpel,1
r-lib,gtable,rmsharp,1
r-lib,gtable,baptiste,1
r-lib,here,krlmlr,135
r-lib,here,batpigandme,2
r-lib,here,rajanand,1
r-lib,httr,hadley,784
r-lib,httr,nathangoulding,25
r-lib,httr,jennybc,18
r-lib,httr,jeroen,13
r-lib,httr,craigcitro,13
r-lib,httr,jiho,12
r-lib,httr,Bogstag,10
r-lib,httr,jimhester,10
r-lib,httr,DanielLockau-MLPA,6
r-lib,httr,cboettig,5
r-lib,httr,grahamrp,5
r-lib,httr,artemklevtsov,5
r-lib,httr,mtmorgan,5
r-lib,httr,gaborcsardi,4
r-lib,httr,cderv,3
r-lib,httr,antoine-lizee,3
r-lib,httr,bbrewington,2
r-lib,httr,hansthompson,2
r-lib,httr,muschellij2,2
r-lib,httr,robertzk,2
r-lib,httr,WillemPaling,2
r-lib,httr,isomorphisms,2
r-lib,httr,hrbrmstr,2
r-lib,httr,asieira,1
r-lib,httr,pierucci,1
r-lib,httr,1beb,1
r-lib,httr,ChrisMuir,1
r-lib,httr,ctrombley,1
r-lib,httr,csgillespie,1
r-lib,httr,daattali,1
r-lib,httr,dmenne,1
r-lib,httr,jefferis,1
r-lib,httr,yutannihilation,1
r-lib,httr,hmalmedal,1
r-lib,httr,jmwerner,1
r-lib,httr,jiwalker-usgs,1
r-lib,httr,krlmlr,1
r-lib,httr,nealrichardson,1
r-lib,httr,nielsoledam,1
r-lib,httr,Ironholds,1
r-lib,httr,paulgarnes,1
r-lib,httr,peterdesmet,1
r-lib,httr,peterhartman,1
r-lib,httr,pohzipohzi,1
r-lib,httr,scottkosty,1
r-lib,httr,seankross,1
r-lib,httr,leeper,1
r-lib,httr,tcarnus,1
r-lib,httr,wibeasley,1
r-lib,httr,shrektan,1
r-lib,httr,yasserglez,1
r-lib,httr,cosmomeese,1
r-lib,httr,cwickham,1
r-lib,httr,garfieldnate,1
r-lib,httr,mpadge,1
r-lib,httr,r2evans,1
r-lib,httr,yui-knk,1
r-lib,httrmock,gaborcsardi,29
r-lib,httrmock,lpmi-13,1
r-lib,httrmock,jason-p-pickering,1
r-lib,io,kevinushey,6
r-lib,io,hadley,2
r-lib,keyring,gaborcsardi,190
r-lib,keyring,javierluraschi,2
r-lib,keyring,krlmlr,2
r-lib,keyring,andrie,1
r-lib,keyring,shrektan,1
r-lib,keyring,nbenn,1
r-lib,later,jcheng5,94
r-lib,later,wch,36
r-lib,later,mingwandroid,1
r-lib,liteq,gaborcsardi,38
r-lib,liteq,eddelbuettel,1
r-lib,liteq,krlmlr,1
r-lib,liteq,rentrop,1
r-lib,lobstr,hadley,149
r-lib,lobstr,batpigandme,3
r-lib,lobstr,jmcphers,1
r-lib,memoise,jimhester,78
r-lib,memoise,krlmlr,14
r-lib,memoise,hadley,13
r-lib,memoise,sietse,9
r-lib,memoise,egnha,3
r-lib,memoise,MarkEdmondson1234,3
r-lib,memoise,karldw,2
r-lib,memoise,csgillespie,1
r-lib,memoise,dy-kim,1
r-lib,memoise,richierocks,1
r-lib,memoise,wch,1
r-lib,memoise,ajdm,1
r-lib,memoise,mpadge,1
r-lib,memoise,coolbutuseless,1
r-lib,memoise,richardkunze,1
r-lib,memoise,xhdong-umd,1
r-lib,objectable,hadley,22
r-lib,objectable,cderv,1
r-lib,objectable,krlmlr,1
r-lib,oldie,lionel-,69
r-lib,osname,gaborcsardi,12
r-lib,pillar,krlmlr,315
r-lib,pillar,hadley,40
r-lib,pillar,batpigandme,4
r-lib,pillar,lionel-,1
r-lib,pillar,rkahne,1
r-lib,pillar,wibeasley,1
r-lib,pingr,gaborcsardi,51
r-lib,pkgapi,krlmlr,34
r-lib,pkgapi,gaborcsardi,17
r-lib,pkgbuild,jimhester,58
r-lib,pkgbuild,hadley,54
r-lib,pkgbuild,gaborcsardi,14
r-lib,pkgbuild,dpastoor,2
r-lib,pkgbuild,richierocks,2
r-lib,pkgbuild,dpprdan,1
r-lib,pkgbuild,krlmlr,1
r-lib,pkgbuild,lionel-,1
r-lib,pkgbuild,lorenzwalthert,1
r-lib,pkgbuild,njtierney,1
r-lib,pkgbuild,sangeetabhatia03,1
r-lib,pkgbuild,theGreatWhiteShark,1
r-lib,pkgcache,gaborcsardi,84
r-lib,pkgcache,jimhester,1
r-lib,pkgconfig,gaborcsardi,70
r-lib,pkgconfig,richfitz,1
r-lib,pkgdepends,gaborcsardi,411
r-lib,pkgdepends,jimhester,5
r-lib,pkgdown,hadley,1001
r-lib,pkgdown,jayhesselberth,117
r-lib,pkgdown,krlmlr,25
r-lib,pkgdown,renozao,11
r-lib,pkgdown,jranke,10
r-lib,pkgdown,jimhester,9
r-lib,pkgdown,wch,9
r-lib,pkgdown,adrtod,9
r-lib,pkgdown,randy3k,8
r-lib,pkgdown,nealrichardson,6
r-lib,pkgdown,bastistician,6
r-lib,pkgdown,Bisaloo,6
r-lib,pkgdown,cderv,5
r-lib,pkgdown,Enchufa2,5
r-lib,pkgdown,batpigandme,5
r-lib,pkgdown,jcheng5,5
r-lib,pkgdown,andrie,4
r-lib,pkgdown,jennybc,4
r-lib,pkgdown,yiluheihei,4
r-lib,pkgdown,katrinleinweber,3
r-lib,pkgdown,AdrianHordyk,2
r-lib,pkgdown,edgararuiz,2
r-lib,pkgdown,maelle,2
r-lib,pkgdown,goldingn,2
r-lib,pkgdown,gaborcsardi,2
r-lib,pkgdown,agrueneberg,1
r-lib,pkgdown,aoles,1
r-lib,pkgdown,crew102,1
r-lib,pkgdown,corybrunson,1
r-lib,pkgdown,dfalbel,1
r-lib,pkgdown,davebraze,1
r-lib,pkgdown,DavisVaughan,1
r-lib,pkgdown,espinielli,1
r-lib,pkgdown,privefl,1
r-lib,pkgdown,jefferis,1
r-lib,pkgdown,Guilz,1
r-lib,pkgdown,ijlyttle,1
r-lib,pkgdown,czeildi,1
r-lib,pkgdown,jeroenjanssens,1
r-lib,pkgdown,jthurner,1
r-lib,pkgdown,lgatto,1
r-lib,pkgdown,lionel-,1
r-lib,pkgdown,lbusett,1
r-lib,pkgdown,LiNk-NY,1
r-lib,pkgdown,maxheld83,1
r-lib,pkgdown,noamross,1
r-lib,pkgdown,pat-s,1
r-lib,pkgdown,flying-sheep,1
r-lib,pkgdown,RLesur,1
r-lib,pkgdown,RyanHope,1
r-lib,pkgdown,tjmahr,1
r-lib,pkgdown,ThierryO,1
r-lib,pkgdown,wenjie2wang,1
r-lib,pkgdown,wibeasley,1
r-lib,pkgdown,yihui,1
r-lib,pkgdown,dracodoc,1
r-lib,pkgdown,njahn82,1
r-lib,pkgdown,nbenn,1
r-lib,pkgdown,newtux,1
r-lib,pkgdown,yutannihilation,1
r-lib,pkginstall,jimhester,97
r-lib,pkginstall,gaborcsardi,78
r-lib,pkginstall,krlmlr,3
r-lib,pkginstall,hadley,1
r-lib,pkginstall,batpigandme,1
r-lib,pkgload,hadley,443
r-lib,pkgload,wch,208
r-lib,pkgload,jimhester,143
r-lib,pkgload,Geoff99,12
r-lib,pkgload,yoni,9
r-lib,pkgload,robertzk,6
r-lib,pkgload,yiufung,6
r-lib,pkgload,kohske,6
r-lib,pkgload,krlmlr,6
r-lib,pkgload,bpbond,4
r-lib,pkgload,jiho,4
r-lib,pkgload,HenrikBengtsson,4
r-lib,pkgload,kevinushey,3
r-lib,pkgload,ncarchedi,3
r-lib,pkgload,adrtod,2
r-lib,pkgload,jjallaire,2
r-lib,pkgload,karl-forner-quartz-bio,2
r-lib,pkgload,lionel-,2
r-lib,pkgload,rmflight,2
r-lib,pkgload,craigcitro,2
r-lib,pkgload,gaborcsardi,2
r-lib,pkgload,jennybc,2
r-lib,pkgload,pitakakariki,2
r-lib,pkgload,benmarwick,1
r-lib,pkgload,BrianDiggs,1
r-lib,pkgload,edwindj,1
r-lib,pkgload,imanuelcostigan,1
r-lib,pkgload,isteves,1
r-lib,pkgload,ashander,1
r-lib,pkgload,jrnold,1
r-lib,pkgload,lorenzwalthert,1
r-lib,pkgload,philchalmers,1
r-lib,pkgload,richfitz,1
r-lib,pkgload,shabbychef,1
r-lib,pkgload,kalibera,1
r-lib,pkgload,vspinu,1
r-lib,pkgload,yihui,1
r-lib,pkgload,jlburkhead,1
r-lib,pkgload,lev-kuznetsov,1
r-lib,pkgman,gaborcsardi,74
r-lib,pkgman,jimhester,29
r-lib,pkgman,dpastoor,1
r-lib,prettycode,gaborcsardi,23
r-lib,processx,gaborcsardi,579
r-lib,processx,wch,74
r-lib,processx,hadley,2
r-lib,processx,davechilders,1
r-lib,processx,jeroen,1
r-lib,processx,kendonB,1
r-lib,processx,IronistM,1
r-lib,processx,dominik-handler,1
r-lib,progress,gaborcsardi,210
r-lib,progress,jimhester,9
r-lib,progress,mllg,3
r-lib,progress,richfitz,2
r-lib,progress,snaut,2
r-lib,progress,chendaniely,1
r-lib,progress,MHenderson,1
r-lib,progress,devillemereuil,1
r-lib,ps,gaborcsardi,335
r-lib,ps,QuLogic,3
r-lib,ps,batpigandme,1
r-lib,R6,wch,411
r-lib,R6,gaborcsardi,10
r-lib,R6,hadley,7
r-lib,R6,richierocks,3
r-lib,R6,batpigandme,2
r-lib,R6,oscardelama,2
r-lib,R6,ColinFay,1
r-lib,R6,davharris,1
r-lib,R6,jefferis,1
r-lib,R6,jranke,1
r-lib,rappdirs,hadley,35
r-lib,rappdirs,trevorld,27
r-lib,rappdirs,jefferis,23
r-lib,rappdirs,gaborcsardi,4
r-lib,rcmdcheck,gaborcsardi,181
r-lib,rcmdcheck,hadley,33
r-lib,rcmdcheck,jimhester,3
r-lib,rcmdcheck,krlmlr,3
r-lib,rcmdcheck,jennybc,1
r-lib,rcmdcheck,pat-s,1
r-lib,rematch2,gaborcsardi,59
r-lib,rematch2,brodieG,2
r-lib,rematch2,jennybc,2
r-lib,remotes,gaborcsardi,322
r-lib,remotes,jimhester,180
r-lib,remotes,krlmlr,9
r-lib,remotes,overmar,5
r-lib,remotes,jennybc,3
r-lib,remotes,ankane,2
r-lib,remotes,HenrikBengtsson,2
r-lib,remotes,bleutner,1
r-lib,remotes,cderv,1
r-lib,remotes,Dasonk,1
r-lib,remotes,dmurdoch,1
r-lib,remotes,yutannihilation,1
r-lib,remotes,joshuaulrich,1
r-lib,remotes,kevinushey,1
r-lib,remotes,kirillseva,1
r-lib,remotes,rcannood,1
r-lib,remotes,wibeasley,1
r-lib,remotes,hadley,1
r-lib,revdepcheck,hadley,114
r-lib,revdepcheck,gaborcsardi,89
r-lib,revdepcheck,krlmlr,18
r-lib,revdepcheck,jimhester,5
r-lib,revdepcheck,lionel-,4
r-lib,revdepcheck,HenrikBengtsson,3
r-lib,revdepcheck,vspinu,1
r-lib,rlang,lionel-,2636
r-lib,rlang,hadley,283
r-lib,rlang,krlmlr,31
r-lib,rlang,egnha,6
r-lib,rlang,jimhester,5
r-lib,rlang,osorensen,5
r-lib,rlang,romainfrancois,4
r-lib,rlang,jennybc,4
r-lib,rlang,mikmart,3
r-lib,rlang,kevinykuo,3
r-lib,rlang,yutannihilation,2
r-lib,rlang,batpigandme,2
r-lib,rlang,matthieugomez,2
r-lib,rlang,gaborcsardi,2
r-lib,rlang,akbertram,1
r-lib,rlang,benmarwick,1
r-lib,rlang,dan87134,1
r-lib,rlang,dpastoor,1
r-lib,rlang,EdwinTh,1
r-lib,rlang,jefferis,1
r-lib,rlang,henningsway,1
r-lib,rlang,jan-glx,1
r-lib,rlang,karldw,1
r-lib,rlang,maurolepore,1
r-lib,rlang,pkq,1
r-lib,rlang,saghirb,1
r-lib,rlang,uribo,1
r-lib,rlang,kalibera,1
r-lib,rlang,jrnold,1
r-lib,rlang,tareefk,1
r-lib,rlang,yiluheihei,1
r-lib,roxygen2md,krlmlr,68
r-lib,roxygen2md,alexpghayes,3
r-lib,roxygen2md,batpigandme,1
r-lib,rprojroot,krlmlr,219
r-lib,rprojroot,karldw,3
r-lib,rprojroot,batpigandme,2
r-lib,rprojroot,Rekyt,1
r-lib,rprojroot,uribo,1
r-lib,scales,hadley,249
r-lib,scales,dpseidel,48
r-lib,scales,wch,29
r-lib,scales,karawoo,11
r-lib,scales,BrianDiggs,9
r-lib,scales,jcheng5,9
r-lib,scales,dougmitarotonda,8
r-lib,scales,clauswilke,7
r-lib,scales,zeehio,6
r-lib,scales,larmarange,6
r-lib,scales,jiho,5
r-lib,scales,jimhester,4
r-lib,scales,batpigandme,4
r-lib,scales,aaronwolen,4
r-lib,scales,jrnold,4
r-lib,scales,ThierryO,3
r-lib,scales,dvmlls,3
r-lib,scales,billdenney,2
r-lib,scales,mikmart,2
r-lib,scales,AndreaCirilloAC,1
r-lib,scales,cwickham,1
r-lib,scales,lepennec,1
r-lib,scales,hmalmedal,1
r-lib,scales,kohske,1
r-lib,scales,LluisRamon,1
r-lib,scales,foo-bar-baz-qux,1
r-lib,scales,yihui,1
r-lib,scales,seaaan,1
r-lib,sessioninfo,gaborcsardi,49
r-lib,sessioninfo,jennybc,2
r-lib,sessioninfo,patperry,2
r-lib,sessioninfo,HenrikBengtsson,1
r-lib,sessioninfo,jimhester,1
r-lib,sessioninfo,llrs,1
r-lib,sessioninfo,topepo,1
r-lib,sessioninfo,hadley,1
r-lib,showimage,gaborcsardi,25
r-lib,sloop,hadley,65
r-lib,sloop,jimhester,1
r-lib,sloop,krlmlr,1
r-lib,styler,lorenzwalthert,980
r-lib,styler,krlmlr,222
r-lib,styler,jonmcalder,26
r-lib,styler,jimhester,17
r-lib,styler,yutannihilation,4
r-lib,styler,katrinleinweber,2
r-lib,styler,devSJR,2
r-lib,svglite,hadley,183
r-lib,svglite,lionel-,83
r-lib,svglite,yixuan,51
r-lib,svglite,timelyportfolio,13
r-lib,svglite,davidgohel,10
r-lib,svglite,mdecorde,3
r-lib,svglite,hmalmedal,2
r-lib,svglite,tjake,1
r-lib,svglite,jimhester,1
r-lib,tar,gaborcsardi,5
r-lib,tar,richfitz,1
r-lib,testthat,hadley,843
r-lib,testthat,kevinushey,64
r-lib,testthat,karl-forner-quartz-bio,33
r-lib,testthat,jimhester,32
r-lib,testthat,krlmlr,31
r-lib,testthat,nealrichardson,11
r-lib,testthat,dirkschumacher,10
r-lib,testthat,craigcitro,6
r-lib,testthat,mbojan,5
r-lib,testthat,crowding,5
r-lib,testthat,kalibera,5
r-lib,testthat,windelinckx,5
r-lib,testthat,jennybc,5
r-lib,testthat,dkesh,4
r-lib,testthat,brodieG,4
r-lib,testthat,gaborcsardi,4
r-lib,testthat,trestletech,4
r-lib,testthat,kforner,3
r-lib,testthat,jonclayden,2
r-lib,testthat,jmcphers,2
r-lib,testthat,batpigandme,2
r-lib,testthat,wibeasley,2
r-lib,testthat,maxheld83,2
r-lib,testthat,akbertram,1
r-lib,testthat,azvoleff,1
r-lib,testthat,agrueneberg,1
r-lib,testthat,bquast,1
r-lib,testthat,berndbischl,1
r-lib,testthat,billdenney,1
r-lib,testthat,BarkleyBG,1
r-lib,testthat,cboettig,1
r-lib,testthat,Sharpie,1
r-lib,testthat,dlebauer,1
r-lib,testthat,mawds,1
r-lib,testthat,langholz,1
r-lib,testthat,FrancoisGuillem,1
r-lib,testthat,jefferis,1
r-lib,testthat,yutannihilation,1
r-lib,testthat,ijlyttle,1
r-lib,testthat,czeildi,1
r-lib,testthat,jcheng5,1
r-lib,testthat,jdblischak,1
r-lib,testthat,jlehtoma,1
r-lib,testthat,jrosen48,1
r-lib,testthat,kbroman,1
r-lib,testthat,katrinleinweber,1
r-lib,testthat,kenahoo,1
r-lib,testthat,Kevin-M-Smith,1
r-lib,testthat,lmullen,1
r-lib,testthat,lionel-,1
r-lib,testthat,LluisRamon,1
r-lib,testthat,mllg,1
r-lib,testthat,mikelove,1
r-lib,testthat,paulstaab,1
r-lib,testthat,ruaridhw,1
r-lib,testthat,seankross,1
r-lib,testthat,sje30,1
r-lib,testthat,lianos,1
r-lib,testthat,vspinu,1
r-lib,testthat,wch,1
r-lib,testthat,andrewdolman,1
r-lib,testthat,bblette1,1
r-lib,testthat,juancentro,1
r-lib,testthat,leeper,1
r-lib,testthat,tbates,1
r-lib,testthat,yui-knk,1
r-lib,testthat,lbartnik,1
r-lib,tracer,gaborcsardi,61
r-lib,tracer,jimhester,1
r-lib,tracer,krlmlr,1
r-lib,usethis,hadley,688
r-lib,usethis,jennybc,327
r-lib,usethis,wch,186
r-lib,usethis,jimhester,69
r-lib,usethis,batpigandme,22
r-lib,usethis,krlmlr,15
r-lib,usethis,Geoff99,12
r-lib,usethis,yoni,6
r-lib,usethis,kevinushey,6
r-lib,usethis,kohske,6
r-lib,usethis,cderv,4
r-lib,usethis,ijlyttle,4
r-lib,usethis,dchiu911,3
r-lib,usethis,EmilHvitfeldt,3
r-lib,usethis,hmalmedal,3
r-lib,usethis,ncarchedi,3
r-lib,usethis,robertzk,3
r-lib,usethis,craigcitro,3
r-lib,usethis,adrtod,2
r-lib,usethis,bquast,2
r-lib,usethis,bpbond,2
r-lib,usethis,daattali,2
r-lib,usethis,jiho,2
r-lib,usethis,karl-forner-quartz-bio,2
r-lib,usethis,karthik,2
r-lib,usethis,lorenzwalthert,2
r-lib,usethis,maurolepore,2
r-lib,usethis,maelle,2
r-lib,usethis,rmflight,2
r-lib,usethis,uribo,2
r-lib,usethis,HenrikBengtsson,2
r-lib,usethis,gaborcsardi,2
r-lib,usethis,adam-gruer,1
r-lib,usethis,onlymee,1
r-lib,usethis,benmarwick,1
r-lib,usethis,brendan-r,1
r-lib,usethis,BrianDiggs,1
r-lib,usethis,dpprdan,1
r-lib,usethis,dougmet,1
r-lib,usethis,dragosmg,1
r-lib,usethis,gvegayon,1
r-lib,usethis,imanuelcostigan,1
r-lib,usethis,jjallaire,1
r-lib,usethis,jayhesselberth,1
r-lib,usethis,jrnold,1
r-lib,usethis,jeroen,1
r-lib,usethis,jdblischak,1
r-lib,usethis,jonocarroll,1
r-lib,usethis,lmullen,1
r-lib,usethis,llrs,1
r-lib,usethis,lbusett,1
r-lib,usethis,malcolmbarrett,1
r-lib,usethis,LiNk-NY,1
r-lib,usethis,markdly,1
r-lib,usethis,martinjhnhadley,1
r-lib,usethis,mixtrak,1
r-lib,usethis,mine-cetinkaya-rundel,1
r-lib,usethis,PeteHaitch,1
r-lib,usethis,richfitz,1
r-lib,usethis,rorynolan,1
r-lib,usethis,kiwiroy,1
r-lib,usethis,boshek,1
r-lib,usethis,s-fleck,1
r-lib,usethis,shabbychef,1
r-lib,usethis,tjmahr,1
r-lib,usethis,kalibera,1
r-lib,usethis,vnijs,1
r-lib,usethis,yihui,1
r-lib,usethis,bfgray3,1
r-lib,usethis,jlburkhead,1
r-lib,usethis,lindbrook,1
r-lib,usethis,seankross,1
r-lib,vctrs,hadley,523
r-lib,vctrs,DavisVaughan,7
r-lib,vctrs,romainfrancois,3
r-lib,vctrs,echasnovski,2
r-lib,vctrs,gergness,1
r-lib,vctrs,yutannihilation,1
r-lib,vctrs,krlmlr,1
r-lib,vctrs,batpigandme,1
r-lib,whoami,gaborcsardi,43
r-lib,whoami,maelle,6
r-lib,withr,jimhester,177
r-lib,withr,krlmlr,15
r-lib,withr,richierocks,7
r-lib,withr,lionel-,4
r-lib,withr,hadley,2
r-lib,withr,gaborcsardi,1
r-lib,withr,javierluraschi,1
r-lib,withr,mtmorgan,1
r-lib,withr,romainfrancois,1
r-lib,withr,siddharthab,1
r-lib,xml2,jimhester,311
r-lib,xml2,hadley,180
r-lib,xml2,jeroen,66
r-lib,xml2,sjp,7
r-lib,xml2,peterfoley605,6
r-lib,xml2,jennybc,2
r-lib,xml2,batpigandme,2
r-lib,xml2,heckendorfc,2
r-lib,xml2,dpastoor,1
r-lib,xml2,ddiez,1
r-lib,xml2,gaborcsardi,1
r-lib,xml2,jayhesselberth,1
r-lib,xml2,KZARCA,1
r-lib,xml2,darrkj,1
r-lib,xml2,renkun-ken,1
r-lib,xml2,patperu,1
r-lib,xml2,richfitz,1
r-lib,xml2,smbache,1
r-lib,xml2,shabbychef,1
r-lib,xmlparsedata,gaborcsardi,45
r-lib,xmlparsedata,GregoireGauriot,2
r-lib,xmlparsedata,batpigandme,1
r-lib,xopen,gaborcsardi,20
r-lib,zeallot,nteetor,151
r-lib,zeallot,pteetor,5
r-lib,zip,gaborcsardi,39
r-dbi,bigrquery,hadley,308
r-dbi,bigrquery,craigcitro,39
r-dbi,bigrquery,BrianWeinstein,7
r-dbi,bigrquery,jarodmeng,5
r-dbi,bigrquery,nathangoulding,5
r-dbi,bigrquery,realAkhmed,4
r-dbi,bigrquery,byapparov,3
r-dbi,bigrquery,davidadamsphd,2
r-dbi,bigrquery,krlmlr,2
r-dbi,bigrquery,batpigandme,2
r-dbi,bigrquery,totogo,2
r-dbi,bigrquery,backlin,1
r-dbi,bigrquery,edgararuiz,1
r-dbi,bigrquery,j450h1,1
r-dbi,bigrquery,jennybc,1
r-dbi,bigrquery,mpancia,1
r-dbi,bigrquery,drewlanenga,1
r-dbi,bigrquery,ras44,1
r-dbi,DBI,krlmlr,674
r-dbi,DBI,hadley,128
r-dbi,DBI,hannesmuehleisen,28
r-dbi,DBI,bborgesr,17
r-dbi,DBI,wibeasley,4
r-dbi,DBI,yutannihilation,2
r-dbi,DBI,renkun-ken,2
r-dbi,DBI,raffscallion,2
r-dbi,DBI,anhqle,1
r-dbi,DBI,jimhester,1
r-dbi,DBI,aryoda,1
r-dbi,DBI,mdsumner,1
r-dbi,DBI,mvkorpel,1
r-dbi,DBI,richfitz,1
r-dbi,DBItest,krlmlr,695
r-dbi,DBItest,hoesler,16
r-dbi,DBItest,jimhester,4
r-dbi,DBItest,imanuelcostigan,3
r-dbi,DBItest,thrasibule,1
r-dbi,DBItest,jonmcalder,1
r-dbi,odbc,jimhester,617
r-dbi,odbc,devbww,73
r-dbi,odbc,devjgm,58
r-dbi,odbc,jmcphers,21
r-dbi,odbc,hadley,9
r-dbi,odbc,edgararuiz,6
r-dbi,odbc,javierluraschi,4
r-dbi,odbc,krlmlr,4
r-dbi,odbc,khotilov,3
r-dbi,odbc,jeroen,2
r-dbi,odbc,wibeasley,2
r-dbi,odbc,hoxo-m,2
r-dbi,odbc,aryoda,1
r-dbi,odbc,jschelbert,1
r-dbi,odbc,blairj09,1
r-dbi,odbc,jonmcalder,1
r-dbi,odbc,kylelundstedt,1
r-dbi,odbc,lberki,1
r-dbi,odbc,mnel,1
r-dbi,RKazam,krlmlr,21
r-dbi,RMariaDB,krlmlr,437
r-dbi,RMariaDB,hadley,184
r-dbi,RMariaDB,jeroen,134
r-dbi,RMariaDB,jeffreyhorner,20
r-dbi,RMariaDB,peternowee,10
r-dbi,RMariaDB,nbenn,6
r-dbi,RMariaDB,gagern,4
r-dbi,RMariaDB,gaborcsardi,3
r-dbi,RMariaDB,ggrothendieck,2
r-dbi,RMariaDB,jph98,2
r-dbi,RMariaDB,rjoomen,2
r-dbi,RMariaDB,renkun-ken,1
r-dbi,RMariaDB,mcol,1
r-dbi,RMariaDB,noahwilliamsson,1
r-dbi,RMariaDB,stevenranney,1
r-dbi,RMariaDB,jinzhen-lin,1
r-dbi,RMySQL,jeroen,162
r-dbi,RMySQL,hadley,102
r-dbi,RMySQL,jeffreyhorner,20
r-dbi,RMySQL,gagern,4
r-dbi,RMySQL,ggrothendieck,2
r-dbi,RMySQL,jph98,2
r-dbi,RMySQL,rjoomen,2
r-dbi,RMySQL,gaborcsardi,1
r-dbi,RPostgres,krlmlr,459
r-dbi,RPostgres,hadley,111
r-dbi,RPostgres,jeroen,35
r-dbi,RPostgres,thrasibule,31
r-dbi,RPostgres,JackStat,14
r-dbi,RPostgres,etiennebr,7
r-dbi,RPostgres,zozlak,6
r-dbi,RPostgres,jaredk-porch,3
r-dbi,RPostgres,mmuurr,3
r-dbi,RPostgres,jimhester,2
r-dbi,RPostgres,robertzk,2
r-dbi,RPostgres,Altons,1
r-dbi,RPostgres,ClaytonJY,1
r-dbi,RPostgres,daattali,1
r-dbi,RPostgres,hrbrmstr,1
r-dbi,RPostgres,usman-r,1
r-dbi,RSQLite,krlmlr,1127
r-dbi,RSQLite,hadley,382
r-dbi,RSQLite,wibeasley,18
r-dbi,RSQLite,seth,8
r-dbi,RSQLite,jjallaire,5
r-dbi,RSQLite,mkuhn,5
r-dbi,RSQLite,jeroen,3
r-dbi,RSQLite,bbroeksema,1
r-dbi,RSQLite,jimhester,1
r-dbi,RSQLite,mtmorgan,1
r-dbi,RSQLite,tigertoes,1
r-dbi,SQL,hadley,37
tidymodels,broom,alexpghayes,227
tidymodels,broom,dgrtwo,124
tidymodels,broom,dchiu911,50
tidymodels,broom,mdlincoln,34
tidymodels,broom,hughjonesd,28
tidymodels,broom,jgabry,26
tidymodels,broom,bbolker,19
tidymodels,broom,MatthieuStigler,11
tidymodels,broom,medinali,10
tidymodels,broom,nutterb,10
tidymodels,broom,mkuehn10,8
tidymodels,broom,larmarange,7
tidymodels,broom,thisisnic,6
tidymodels,broom,corybrunson,6
tidymodels,broom,mbojan,5
tidymodels,broom,briatte,4
tidymodels,broom,hmalmedal,4
tidymodels,broom,hadley,4
tidymodels,broom,jrnold,4
tidymodels,broom,PirateGrunt,4
tidymodels,broom,jayhesselberth,4
tidymodels,broom,atheriel,3
tidymodels,broom,dmenne,3
tidymodels,broom,jenzopr,3
tidymodels,broom,jimhester,3
tidymodels,broom,lukesonnet,3
tidymodels,broom,zeehio,3
tidymodels,broom,adibender,3
tidymodels,broom,bfgray3,3
tidymodels,broom,pkq,3
tidymodels,broom,bschneidr,3
tidymodels,broom,bensoltoff,2
tidymodels,broom,erleholgersen,2
tidymodels,broom,lepennec,2
tidymodels,broom,gavinsimpson,2
tidymodels,broom,haozhu233,2
tidymodels,broom,batpigandme,2
tidymodels,broom,mjskay,2
tidymodels,broom,topepo,2
tidymodels,broom,pjpaulpj,2
tidymodels,broom,paul-buerkner,2
tidymodels,broom,setempler,2
tidymodels,broom,junkka,2
tidymodels,broom,ellessenne,1
tidymodels,broom,andrewjlm,1
tidymodels,broom,billdenney,1
tidymodels,broom,bmannakee,1
tidymodels,broom,stillmatic,1
tidymodels,broom,drsimonj,1
tidymodels,broom,atyre2,1
tidymodels,broom,ethchr,1
tidymodels,broom,yutannihilation,1
tidymodels,broom,Hong-Revo,1
tidymodels,broom,jmuhlenkamp,1
tidymodels,broom,jiho,1
tidymodels,broom,jennybc,1
tidymodels,broom,jbiesanz,1
tidymodels,broom,cimentadaj,1
tidymodels,broom,josue-rodriguez,1
tidymodels,broom,KZARCA,1
tidymodels,broom,karldw,1
tidymodels,broom,lmullen,1
tidymodels,broom,lselzer,1
tidymodels,broom,lwjohnst86,1
tidymodels,broom,MarcusWalz,1
tidymodels,broom,mattle24,1
tidymodels,broom,m-sostero,1
tidymodels,broom,michaelweylandt,1
tidymodels,broom,mvevans89,1
tidymodels,broom,rtaph,1
tidymodels,broom,ShreyasSingh,1
tidymodels,broom,helix123,1
tidymodels,broom,jarvisc1,1
tidymodels,broom,mariusbarth,1
tidymodels,broom,puterleat,1
tidymodels,broom,shabbybanks,1
tidymodels,broom,wilsonfreitas,1
tidymodels,dials,topepo,81
tidymodels,dials,DavisVaughan,2
tidymodels,embed,topepo,90
tidymodels,embed,artichaud1,2
tidymodels,embed,DavisVaughan,1
tidymodels,embed,eddelbuettel,1
tidymodels,infer,ismayc,590
tidymodels,infer,andrewpbray,236
tidymodels,infer,echasnovski,62
tidymodels,infer,beanumber,18
tidymodels,infer,rudeboybert,11
tidymodels,infer,PirateGrunt,5
tidymodels,infer,nicksolomon,4
tidymodels,infer,mine-cetinkaya-rundel,4
tidymodels,infer,richierocks,3
tidymodels,infer,jimrothstein,2
tidymodels,infer,corinne-riddell,1
tidymodels,infer,nfultz,1
tidymodels,infer,alexpghayes,1
tidymodels,infer,topepo,1
tidymodels,parsnip,topepo,426
tidymodels,parsnip,DavisVaughan,41
tidymodels,parsnip,grayskripko,3
tidymodels,parsnip,artichaud1,2
tidymodels,parsnip,andrie,1
tidymodels,parsnip,hlynurhallgrims,1
tidymodels,parsnip,ledell,1
tidymodels,probably,DavisVaughan,91
tidymodels,probably,topepo,10
tidymodels,recipes,topepo,566
tidymodels,recipes,DavisVaughan,33
tidymodels,recipes,alexpghayes,22
tidymodels,recipes,EdwinTh,20
tidymodels,recipes,EmilHvitfeldt,12
tidymodels,recipes,terrytangyuan,7
tidymodels,recipes,jrnold,6
tidymodels,recipes,lawwu,3
tidymodels,recipes,lionel-,3
tidymodels,recipes,artichaud1,3
tidymodels,recipes,batpigandme,2
tidymodels,recipes,jameslairdsmith,1
tidymodels,recipes,lorenzwalthert,1
tidymodels,recipes,michaellevy,1
tidymodels,recipes,fxdlmatt,1
tidymodels,recipes,karissawhiting,1
tidymodels,recipes,rudeboybert,1
tidymodels,recipes,tareefk,1
tidymodels,rsample,topepo,154
tidymodels,rsample,DavisVaughan,12
tidymodels,rsample,ClaytonJY,7
tidymodels,rsample,batpigandme,2
tidymodels,rsample,abichat,1
tidymodels,rsample,EdwinTh,1
tidymodels,rsample,duju211,1
tidymodels,rsample,LluisRamon,1
tidymodels,rsample,timtrice,1
tidymodels,textrecipes,EmilHvitfeldt,85
tidymodels,textrecipes,topepo,4
tidymodels,textrecipes,kanishkamisra,2
tidymodels,textrecipes,DavisVaughan,1
tidymodels,tidymodels,topepo,53
tidymodels,tidyposterior,topepo,111
tidymodels,tidyposterior,aeklant,1
tidymodels,tidyposterior,ezequielpaura,1
tidymodels,tidyposterior,lawwu,1
tidymodels,yardstick,DavisVaughan,180
tidymodels,yardstick,topepo,82
tidymodels,yardstick,ClaytonJY,6
tidymodels,yardstick,pierreroudier,5
tidymodels,yardstick,llrs,1
tidymodels,yardstick,batpigandme,1
tidymodels,yardstick,tereom,1
tidymodels,yardstick,schoonees,1
