pkg,version,major,date
blob,1.0.0,TRUE,2016-12-28
blob,1.1.0,TRUE,2017-06-17
blob,1.1.1,FALSE,2018-03-28
blob,1.2.0,TRUE,2019-07-09
blob,1.2.1,FALSE,2020-01-21
dbplyr,1.0.0,TRUE,2017-06-09
dbplyr,1.1.0,TRUE,2017-06-27
dbplyr,1.2.0,TRUE,2018-01-03
dbplyr,1.2.1,FALSE,2018-02-19
dbplyr,1.2.2,FALSE,2018-07-25
dbplyr,1.3.0,TRUE,2019-01-09
dbplyr,1.4.0,TRUE,2019-04-23
dbplyr,1.4.1,FALSE,2019-06-06
dbplyr,1.4.2,FALSE,2019-06-17
dbplyr,1.4.3,FALSE,2020-04-19
dbplyr,1.4.4,FALSE,2020-05-27
dbplyr,2.0.0,TRUE,2020-11-03
dplyr,0.1,TRUE,2014-01-16
dplyr,0.1.1,FALSE,2014-01-29
dplyr,0.1.2,FALSE,2014-02-24
dplyr,0.1.3,FALSE,2014-03-14
dplyr,0.2,TRUE,2014-05-21
dplyr,0.3,TRUE,2014-10-04
dplyr,0.3.0.1,TRUE,2014-10-07
dplyr,0.3.0.2,TRUE,2014-10-11
dplyr,0.4.0,TRUE,2015-01-08
dplyr,0.4.1,FALSE,2015-01-14
dplyr,0.4.2,FALSE,2015-06-16
dplyr,0.4.3,FALSE,2015-09-01
dplyr,0.5.0,TRUE,2016-06-24
dplyr,0.7.0,TRUE,2017-06-09
dplyr,0.7.1,FALSE,2017-06-22
dplyr,0.7.2,FALSE,2017-07-20
dplyr,0.7.3,FALSE,2017-09-09
dplyr,0.7.4,FALSE,2017-09-28
dplyr,0.7.5,FALSE,2018-05-19
dplyr,0.7.6,FALSE,2018-06-29
dplyr,0.7.7,FALSE,2018-10-16
dplyr,0.7.8,FALSE,2018-11-10
dplyr,0.8.0,TRUE,2019-02-14
dplyr,0.8.0.1,TRUE,2019-02-15
dplyr,0.8.1,FALSE,2019-05-14
dplyr,0.8.2,FALSE,2019-06-29
dplyr,0.8.3,FALSE,2019-07-04
dplyr,0.8.4,FALSE,2020-01-31
dplyr,0.8.5,FALSE,2020-03-07
dplyr,1.0.0,TRUE,2020-05-29
dplyr,1.0.1,FALSE,2020-07-31
dplyr,1.0.2,FALSE,2020-08-18
dtplyr,0.0.1,FALSE,2016-06-27
dtplyr,0.0.2,FALSE,2017-04-21
dtplyr,0.0.3,FALSE,2019-02-25
dtplyr,1.0.0,TRUE,2019-11-12
dtplyr,1.0.1,FALSE,2020-01-23
dtplyr,0.0.1,FALSE,2016-06-27
dtplyr,0.0.2,FALSE,2017-04-21
dtplyr,0.0.3,FALSE,2019-02-25
dtplyr,1.0.0,TRUE,2019-11-12
dtplyr,1.0.1,FALSE,2020-01-23
forcats,0.1.0,TRUE,2016-08-29
forcats,0.1.1,FALSE,2016-09-15
forcats,0.2.0,TRUE,2017-01-25
forcats,0.3.0,TRUE,2018-02-19
forcats,0.4.0,TRUE,2019-02-17
forcats,0.5.0,TRUE,2020-03-01
ggplot2,0.5,TRUE,2007-06-01
ggplot2,0.5.1,FALSE,2007-06-10
ggplot2,0.5.2,FALSE,2007-06-18
ggplot2,0.5.4,FALSE,2007-07-08
ggplot2,0.5.5,FALSE,2007-09-01
ggplot2,0.5.6,FALSE,2007-10-20
ggplot2,0.5.7,FALSE,2008-01-11
ggplot2,0.6,TRUE,2008-04-03
ggplot2,0.7,TRUE,2008-10-05
ggplot2,0.8,TRUE,2008-11-21
ggplot2,0.8.1,FALSE,2008-12-14
ggplot2,0.8.2,FALSE,2009-02-25
ggplot2,0.8.3,FALSE,2009-04-20
ggplot2,0.8.4,FALSE,2009-12-09
ggplot2,0.8.5,FALSE,2009-12-16
ggplot2,0.8.6,FALSE,2010-02-18
ggplot2,0.8.7,FALSE,2010-03-02
ggplot2,0.8.8,FALSE,2010-07-05
ggplot2,0.8.9,FALSE,2010-12-23
ggplot2,0.9.0,TRUE,2012-03-01
ggplot2,0.9.1,FALSE,2012-05-07
ggplot2,0.9.2,FALSE,2012-09-04
ggplot2,0.9.2.1,FALSE,2012-09-11
ggplot2,0.9.3,FALSE,2012-12-05
ggplot2,0.9.3.1,FALSE,2013-03-02
ggplot2,1.0.0,TRUE,2014-05-21
ggplot2,1.0.1,FALSE,2015-03-17
ggplot2,2.0.0,TRUE,2015-12-18
ggplot2,2.1.0,TRUE,2016-03-01
ggplot2,2.2.0,TRUE,2016-11-11
ggplot2,2.2.1,FALSE,2016-12-30
ggplot2,3.0.0,TRUE,2018-07-03
ggplot2,3.1.0,TRUE,2018-10-25
ggplot2,3.1.1,FALSE,2019-04-07
ggplot2,3.2.0,TRUE,2019-06-16
ggplot2,3.2.1,FALSE,2019-08-10
ggplot2,3.3.0,TRUE,2020-03-05
ggplot2,3.3.1,FALSE,2020-05-29
ggplot2,3.3.2,FALSE,2020-06-19
glue,1.0.0,TRUE,2017-04-17
glue,1.1.0,TRUE,2017-06-13
glue,1.1.1,FALSE,2017-06-21
glue,1.2.0,TRUE,2017-10-29
glue,1.3.0,TRUE,2018-07-17
glue,1.3.1,FALSE,2019-03-13
glue,1.3.2,FALSE,2020-03-12
glue,1.4.0,TRUE,2020-04-03
glue,1.4.1,FALSE,2020-05-13
glue,1.4.2,FALSE,2020-08-27
googledrive,0.1.1,FALSE,2017-08-28
googledrive,0.1.2,FALSE,2018-10-06
googledrive,0.1.3,FALSE,2019-01-24
googledrive,1.0.0,TRUE,2019-08-19
googledrive,1.0.1,FALSE,2020-05-05
googlesheets4,0.1.0,TRUE,2019-11-04
googlesheets4,0.1.1,FALSE,2020-03-21
googlesheets4,0.2.0,TRUE,2020-05-08
haven,0.1.0,TRUE,2015-03-01
haven,0.1.1,FALSE,2015-03-03
haven,0.2.0,TRUE,2015-04-08
haven,0.2.1,FALSE,2016-07-19
haven,1.0.0,TRUE,2016-09-23
haven,1.1.0,TRUE,2017-07-09
haven,1.1.1,FALSE,2018-01-18
haven,1.1.2,FALSE,2018-06-27
haven,2.0.0,TRUE,2018-11-22
haven,2.1.0,TRUE,2019-02-19
haven,2.1.1,FALSE,2019-07-04
haven,2.2.0,TRUE,2019-11-08
haven,2.3.0,TRUE,2020-05-24
haven,2.3.1,FALSE,2020-06-01
hms,0.1,TRUE,2016-05-02
hms,0.2,TRUE,2016-06-17
hms,0.3,TRUE,2016-11-22
hms,0.4.0,TRUE,2017-11-23
hms,0.4.1,FALSE,2018-01-24
hms,0.4.2,FALSE,2018-03-10
hms,0.5.0,TRUE,2019-07-09
hms,0.5.1,FALSE,2019-08-23
hms,0.5.2,FALSE,2019-10-30
hms,0.5.3,FALSE,2020-01-09
lubridate,0.1,TRUE,2010-08-15
lubridate,0.2,TRUE,2010-10-26
lubridate,0.2.1,FALSE,2010-11-03
lubridate,0.2.2,FALSE,2010-11-17
lubridate,0.2.3,FALSE,2010-12-09
lubridate,0.2.4,FALSE,2011-04-05
lubridate,0.2.5,FALSE,2011-05-12
lubridate,0.2.6,FALSE,2012-01-10
lubridate,1.1.0,TRUE,2012-03-05
lubridate,1.2.0,TRUE,2012-10-04
lubridate,1.3.0,TRUE,2013-09-20
lubridate,1.3.1,FALSE,2013-10-31
lubridate,1.3.2,FALSE,2013-12-05
lubridate,1.3.3,FALSE,2013-12-31
lubridate,1.5.0,TRUE,2015-12-02
lubridate,1.5.6,FALSE,2016-04-06
lubridate,1.6.0,TRUE,2016-09-13
lubridate,1.7.0,TRUE,2017-10-29
lubridate,1.7.1,FALSE,2017-11-03
lubridate,1.7.2,FALSE,2018-02-06
lubridate,1.7.3,FALSE,2018-02-27
lubridate,1.7.4,FALSE,2018-04-11
lubridate,1.7.8,FALSE,2020-04-06
lubridate,1.7.9,FALSE,2020-06-08
magrittr,1.0.0,TRUE,2014-02-25
magrittr,1.0.1,FALSE,2014-05-15
magrittr,1.5,TRUE,2014-11-22
modelr,0.1.0,TRUE,2016-08-31
modelr,0.1.1,FALSE,2017-07-24
modelr,0.1.2,FALSE,2018-05-11
modelr,0.1.3,FALSE,2019-02-05
modelr,0.1.4,FALSE,2019-02-18
modelr,0.1.5,FALSE,2019-08-08
modelr,0.1.6,FALSE,2020-02-22
modelr,0.1.7,FALSE,2020-04-30
modelr,0.1.8,FALSE,2020-05-19
purrr,0.1.0,TRUE,2015-09-28
purrr,0.2.0,TRUE,2016-01-04
purrr,0.2.1,FALSE,2016-02-12
purrr,0.2.2,FALSE,2016-06-18
purrr,0.2.2.2,FALSE,2017-05-11
purrr,0.2.3,FALSE,2017-08-02
purrr,0.2.4,FALSE,2017-10-18
purrr,0.2.5,FALSE,2018-05-29
purrr,0.3.0,TRUE,2019-01-27
purrr,0.3.1,FALSE,2019-03-04
purrr,0.3.2,FALSE,2019-03-15
purrr,0.3.3,FALSE,2019-10-18
purrr,0.3.4,FALSE,2020-04-17
readr,0.1.0,TRUE,2015-04-08
readr,0.1.1,FALSE,2015-05-29
readr,0.2.0,TRUE,2015-10-19
readr,0.2.1,FALSE,2015-10-21
readr,0.2.2,FALSE,2015-10-22
readr,1.0.0,TRUE,2016-08-03
readr,1.1.0,TRUE,2017-03-22
readr,1.1.1,FALSE,2017-05-16
readr,1.2.0,TRUE,2018-11-22
readr,1.2.1,FALSE,2018-11-22
readr,1.3.0,TRUE,2018-12-11
readr,1.3.1,FALSE,2018-12-21
readr,1.4.0,TRUE,2020-10-05
readxl,0.1.0,TRUE,2015-04-14
readxl,0.1.1,FALSE,2016-03-28
readxl,1.0.0,TRUE,2017-04-18
readxl,1.1.0,TRUE,2018-04-20
readxl,1.2.0,TRUE,2018-12-19
readxl,1.3.0,TRUE,2019-02-15
readxl,1.3.1,FALSE,2019-03-13
reprex,0.1.0,TRUE,2017-01-10
reprex,0.1.1,FALSE,2017-01-12
reprex,0.1.2,FALSE,2018-01-26
reprex,0.2.0,TRUE,2018-06-22
reprex,0.2.1,FALSE,2018-09-16
reprex,0.3.0,TRUE,2019-05-16
rvest,0.1.0,TRUE,2014-11-21
rvest,0.2.0,TRUE,2015-01-01
rvest,0.3.0,TRUE,2015-09-22
rvest,0.3.1,FALSE,2015-11-11
rvest,0.3.2,FALSE,2016-06-17
rvest,0.3.3,FALSE,2019-04-11
rvest,0.3.4,FALSE,2019-05-15
rvest,0.3.5,FALSE,2019-11-09
rvest,0.3.6,FALSE,2020-07-25
rvest,0.1.0,TRUE,2014-11-21
rvest,0.2.0,TRUE,2015-01-01
rvest,0.3.0,TRUE,2015-09-22
rvest,0.3.1,FALSE,2015-11-11
rvest,0.3.2,FALSE,2016-06-17
rvest,0.3.3,FALSE,2019-04-11
rvest,0.3.4,FALSE,2019-05-15
rvest,0.3.5,FALSE,2019-11-09
rvest,0.3.6,FALSE,2020-07-25
stringr,0.1.10,FALSE,2009-11-09
stringr,0.2,TRUE,2009-11-16
stringr,0.3,TRUE,2010-02-15
stringr,0.4,TRUE,2010-08-24
stringr,0.5,TRUE,2011-06-30
stringr,0.6,TRUE,2011-12-08
stringr,0.6.1,FALSE,2012-07-25
stringr,0.6.2,FALSE,2012-12-06
stringr,1.0.0,TRUE,2015-04-30
stringr,1.1.0,TRUE,2016-08-19
stringr,1.2.0,TRUE,2017-02-18
stringr,1.3.0,TRUE,2018-02-19
stringr,1.3.1,FALSE,2018-05-10
stringr,1.4.0,TRUE,2019-02-10
tibble,1.0,TRUE,2016-03-22
tibble,1.1,TRUE,2016-07-04
tibble,1.2,TRUE,2016-08-26
tibble,1.3.0,TRUE,2017-04-01
tibble,1.3.1,FALSE,2017-05-17
tibble,1.3.3,FALSE,2017-05-28
tibble,1.3.4,FALSE,2017-08-22
tibble,1.4.1,FALSE,2017-12-25
tibble,1.4.2,FALSE,2018-01-22
tibble,2.0.0,TRUE,2019-01-04
tibble,2.0.1,FALSE,2019-01-12
tibble,2.1.1,FALSE,2019-03-17
tibble,2.1.2,FALSE,2019-05-29
tibble,2.1.3,FALSE,2019-06-06
tibble,3.0.0,TRUE,2020-03-30
tibble,3.0.1,FALSE,2020-04-20
tibble,3.0.2,FALSE,2020-07-07
tibble,3.0.3,FALSE,2020-07-10
tibble,3.0.4,FALSE,2020-10-12
tidyr,0.1,TRUE,2014-07-21
tidyr,0.2.0,TRUE,2014-12-05
tidyr,0.3.0,TRUE,2015-09-08
tidyr,0.3.1,FALSE,2015-09-10
tidyr,0.4.0,TRUE,2016-01-18
tidyr,0.4.1,FALSE,2016-02-05
tidyr,0.5.0,TRUE,2016-06-12
tidyr,0.5.1,FALSE,2016-06-14
tidyr,0.6.0,TRUE,2016-08-12
tidyr,0.6.1,FALSE,2017-01-10
tidyr,0.6.2,FALSE,2017-05-04
tidyr,0.6.3,FALSE,2017-05-15
tidyr,0.7.0,TRUE,2017-08-16
tidyr,0.7.1,FALSE,2017-09-01
tidyr,0.7.2,FALSE,2017-10-16
tidyr,0.8.0,TRUE,2018-01-29
tidyr,0.8.1,FALSE,2018-05-18
tidyr,0.8.2,FALSE,2018-10-28
tidyr,0.8.3,FALSE,2019-03-04
tidyr,1.0.0,TRUE,2019-09-12
tidyr,1.0.2,FALSE,2020-01-24
tidyr,1.0.3,FALSE,2020-05-07
tidyr,1.1.0,TRUE,2020-05-20
tidyr,1.1.1,FALSE,2020-07-31
tidyr,1.1.2,FALSE,2020-08-27
tidyverse,1.0.0,TRUE,2016-09-09
tidyverse,1.1.0,TRUE,2017-01-20
tidyverse,1.1.1,FALSE,2017-01-27
tidyverse,1.2.0,TRUE,2017-11-07
tidyverse,1.2.1,FALSE,2017-11-14
tidyverse,1.3.0,TRUE,2019-11-21
asciicast,1.0.0,TRUE,2019-12-13
available,1.0.0,TRUE,2017-11-17
available,1.0.1,FALSE,2018-07-16
available,1.0.2,FALSE,2018-11-08
available,1.0.3,FALSE,2019-07-01
available,1.0.4,FALSE,2019-07-19
backports,1.0.0,TRUE,2016-02-19
backports,1.0.1,FALSE,2016-03-10
backports,1.0.2,FALSE,2016-03-18
backports,1.0.3,FALSE,2016-06-28
backports,1.0.4,FALSE,2016-10-24
backports,1.0.5,FALSE,2017-01-18
backports,1.1.0,TRUE,2017-05-22
backports,1.1.1,FALSE,2017-09-25
backports,1.1.2,FALSE,2017-12-13
backports,1.1.3,FALSE,2018-12-14
backports,1.1.4,FALSE,2019-04-10
backports,1.1.5,FALSE,2019-10-02
backports,1.1.6,FALSE,2020-04-05
backports,1.1.7,FALSE,2020-05-13
backports,1.1.8,FALSE,2020-06-17
backports,1.1.9,FALSE,2020-08-24
backports,1.1.10,FALSE,2020-09-15
backports,1.2.0,TRUE,2020-11-02
bench,1.0.0,TRUE,2018-05-27
bench,1.0.1,FALSE,2018-06-06
bench,1.0.2,FALSE,2019-04-29
bench,1.0.3,FALSE,2019-08-28
bench,1.0.4,FALSE,2019-09-06
bench,1.1.0,TRUE,2020-01-10
bench,1.1.1,FALSE,2020-01-14
brio,1.0.0,TRUE,2020-03-26
brio,1.1.0,TRUE,2020-08-31
callr,1.0.0,TRUE,2016-06-18
callr,2.0.0,TRUE,2018-01-28
callr,2.0.1,FALSE,2018-01-30
callr,2.0.2,FALSE,2018-02-11
callr,2.0.3,FALSE,2018-04-11
callr,2.0.4,FALSE,2018-05-15
callr,3.0.0,TRUE,2018-08-24
callr,3.1.0,TRUE,2018-12-10
callr,3.1.1,FALSE,2018-12-21
callr,3.2.0,TRUE,2019-03-15
callr,3.3.0,TRUE,2019-07-04
callr,3.3.1,FALSE,2019-07-18
callr,3.3.2,FALSE,2019-09-22
callr,3.4.0,TRUE,2019-12-09
callr,3.4.1,FALSE,2020-01-24
callr,3.4.2,FALSE,2020-02-12
callr,3.4.3,FALSE,2020-03-28
callr,3.4.4,FALSE,2020-09-07
callr,3.5.0,TRUE,2020-10-08
callr,3.5.1,FALSE,2020-10-13
carrier,0.1.0,TRUE,2018-10-16
cleancall,0.1.0,TRUE,2019-05-20
cleancall,0.1.1,FALSE,2020-01-12
cli,1.0.0,TRUE,2017-11-05
cli,1.0.1,FALSE,2018-09-25
cli,1.1.0,TRUE,2019-03-19
cli,2.0.0,TRUE,2019-12-09
cli,2.0.1,FALSE,2020-01-09
cli,2.0.2,FALSE,2020-02-28
cli,2.1.0,TRUE,2020-10-12
cliapp,0.1.0,TRUE,2018-12-16
cliapp,0.1.1,FALSE,2020-10-07
clisymbols,1.0.0,TRUE,2015-06-08
clisymbols,1.1.0,TRUE,2017-01-27
clisymbols,1.2.0,TRUE,2017-05-21
conf,1.0,TRUE,2018-03-02
conf,1.1,TRUE,2018-04-28
conf,1.2,TRUE,2018-05-14
conf,1.3,TRUE,2018-07-16
conf,1.3.1,FALSE,2018-07-23
conf,1.3.2,FALSE,2018-09-10
conf,1.3.3,FALSE,2018-09-14
conf,1.4.0,TRUE,2018-11-02
conf,1.5.0,TRUE,2018-12-15
conf,1.6.0,TRUE,2019-03-16
conf,1.6.1,FALSE,2019-07-02
conf,1.6.2,FALSE,2020-01-18
conf,1.6.3,FALSE,2020-03-13
conf,1.7.0,TRUE,2020-08-24
conflicted,0.1.0,TRUE,2018-05-31
conflicted,1.0.0,TRUE,2018-09-15
conflicted,1.0.1,FALSE,2018-10-02
conflicted,1.0.2,FALSE,2019-03-30
conflicted,1.0.3,FALSE,2019-05-01
conflicted,1.0.4,FALSE,2019-06-22
covr,1.0.0,TRUE,2015-05-20
covr,1.2.0,TRUE,2015-06-25
covr,2.0.1,FALSE,2016-04-06
covr,2.1.0,TRUE,2016-06-21
covr,2.2.0,TRUE,2016-08-03
covr,2.2.1,FALSE,2016-08-10
covr,2.2.2,FALSE,2017-01-05
covr,3.0.0,TRUE,2017-06-26
covr,3.0.1,FALSE,2017-11-07
covr,3.1.0,TRUE,2018-05-18
covr,3.2.0,TRUE,2018-09-21
covr,3.2.1,FALSE,2018-10-18
covr,3.3.0,TRUE,2019-08-06
covr,3.3.1,FALSE,2019-08-23
covr,3.3.2,FALSE,2019-10-16
covr,3.4.0,TRUE,2019-11-26
covr,3.5.0,TRUE,2020-03-06
covr,3.5.1,FALSE,2020-09-16
cpp11,0.1.0,TRUE,2020-07-10
cpp11,0.2.0,TRUE,2020-08-10
cpp11,0.2.1,FALSE,2020-08-11
cpp11,0.2.2,FALSE,2020-10-01
cpp11,0.2.3,FALSE,2020-10-14
cpp11,0.2.4,FALSE,2020-11-05
crayon,1.0.0,TRUE,2014-09-23
crayon,1.1.0,TRUE,2014-10-15
crayon,1.2.0,TRUE,2015-04-08
crayon,1.2.1,FALSE,2015-05-17
crayon,1.3.0,TRUE,2015-06-05
crayon,1.3.1,FALSE,2015-07-12
crayon,1.3.2,FALSE,2016-06-28
crayon,1.3.4,FALSE,2017-09-16
credentials,1.0,TRUE,2019-03-08
credentials,1.1,TRUE,2019-03-12
credentials,1.2.0,TRUE,2020-06-25
credentials,1.2.1,FALSE,2020-07-02
credentials,1.3.0,TRUE,2020-07-21
debugme,1.0.1,FALSE,2016-11-01
debugme,1.0.2,FALSE,2017-03-01
debugme,1.1.0,TRUE,2017-10-22
decor,1.0.0,TRUE,2020-06-30
desc,1.0.0,TRUE,2016-05-13
desc,1.0.1,FALSE,2016-09-22
desc,1.1.0,TRUE,2017-01-27
desc,1.1.1,FALSE,2017-08-03
desc,1.2.0,TRUE,2018-05-01
devoid,0.1.0,TRUE,2019-05-03
devoid,0.1.1,FALSE,2020-08-03
devtools,0.1,TRUE,2011-06-22
devtools,0.2,TRUE,2011-06-29
devtools,0.3,TRUE,2011-06-30
devtools,0.4,TRUE,2011-07-23
devtools,0.5,TRUE,2011-12-04
devtools,0.5.1,FALSE,2011-12-07
devtools,0.6,TRUE,2012-02-28
devtools,0.7,TRUE,2012-06-19
devtools,0.7.1,FALSE,2012-07-02
devtools,0.8,TRUE,2012-09-14
devtools,1.0,TRUE,2013-01-22
devtools,1.1,TRUE,2013-02-09
devtools,1.2,TRUE,2013-04-17
devtools,1.3,TRUE,2013-07-04
devtools,1.4,TRUE,2013-11-20
devtools,1.4.1,FALSE,2013-11-27
devtools,1.5,TRUE,2014-04-07
devtools,1.6,TRUE,2014-09-22
devtools,1.6.1,FALSE,2014-10-07
devtools,1.7.0,TRUE,2015-01-17
devtools,1.8.0,TRUE,2015-05-09
devtools,1.9.1,FALSE,2015-09-11
devtools,1.10.0,TRUE,2016-01-23
devtools,1.11.0,TRUE,2016-04-12
devtools,1.11.1,FALSE,2016-04-21
devtools,1.12.0,TRUE,2016-06-24
devtools,1.13.0,TRUE,2017-05-08
devtools,1.13.1,FALSE,2017-05-13
devtools,1.13.2,FALSE,2017-06-02
devtools,1.13.3,FALSE,2017-08-02
devtools,1.13.4,FALSE,2017-11-09
devtools,1.13.5,FALSE,2018-02-18
devtools,1.13.6,FALSE,2018-06-27
devtools,2.0.0,TRUE,2018-10-19
devtools,2.0.1,FALSE,2018-10-26
devtools,2.0.2,FALSE,2019-04-08
devtools,2.1.0,TRUE,2019-07-06
devtools,2.2.0,TRUE,2019-09-07
devtools,2.2.1,FALSE,2019-09-24
devtools,2.2.2,FALSE,2020-02-17
devtools,2.3.0,TRUE,2020-04-11
devtools,2.3.1,FALSE,2020-07-21
devtools,2.3.2,FALSE,2020-09-18
diffviewer,0.1.0,TRUE,2020-09-10
downlit,0.1.0,TRUE,2020-09-01
downlit,0.2.0,TRUE,2020-09-25
downlit,0.2.1,FALSE,2020-11-04
ellipsis,0.0.1,FALSE,2018-08-31
ellipsis,0.0.2,FALSE,2019-01-09
ellipsis,0.1.0,TRUE,2019-02-19
ellipsis,0.2.0,TRUE,2019-06-20
ellipsis,0.2.0.1,TRUE,2019-07-02
ellipsis,0.3.0,TRUE,2019-09-20
ellipsis,0.3.1,FALSE,2020-05-15
err,0.0.1,FALSE,2018-10-29
err,0.2.0,TRUE,2019-04-25
evaluate,0.1,TRUE,2010-07-24
evaluate,0.3,TRUE,2010-08-31
evaluate,0.4,TRUE,2011-11-03
evaluate,0.4.1,FALSE,2012-01-03
evaluate,0.4.1.1,FALSE,2012-04-02
evaluate,0.4.2,FALSE,2012-04-03
evaluate,0.4.3,FALSE,2012-12-04
evaluate,0.4.4,FALSE,2013-07-01
evaluate,0.4.7,FALSE,2013-08-10
evaluate,0.5,TRUE,2013-09-28
evaluate,0.5.1,FALSE,2013-09-30
evaluate,0.5.3,FALSE,2014-03-29
evaluate,0.5.5,FALSE,2014-04-29
evaluate,0.6,TRUE,2015-04-14
evaluate,0.7,TRUE,2015-04-21
evaluate,0.7.2,FALSE,2015-08-13
evaluate,0.8,TRUE,2015-09-18
evaluate,0.8.3,FALSE,2016-03-04
evaluate,0.9,TRUE,2016-04-29
evaluate,0.10,TRUE,2016-10-11
evaluate,0.10.1,FALSE,2017-06-24
evaluate,0.11,TRUE,2018-07-17
evaluate,0.12,TRUE,2018-10-09
evaluate,0.13,TRUE,2019-02-12
evaluate,0.14,TRUE,2019-05-28
fastmap,1.0.0,TRUE,2019-07-28
fastmap,1.0.1,FALSE,2019-10-08
filelock,1.0.1,FALSE,2018-02-07
filelock,1.0.2,FALSE,2018-10-05
fs,1.0.0,TRUE,2018-01-19
fs,1.1.0,TRUE,2018-01-26
fs,1.2.0,TRUE,2018-03-13
fs,1.2.1,FALSE,2018-03-20
fs,1.2.2,FALSE,2018-03-21
fs,1.2.3,FALSE,2018-06-08
fs,1.2.4,FALSE,2018-07-26
fs,1.2.5,FALSE,2018-07-30
fs,1.2.6,FALSE,2018-08-23
fs,1.2.7,FALSE,2019-03-20
fs,1.3.0,TRUE,2019-05-02
fs,1.3.1,FALSE,2019-05-07
fs,1.3.2,FALSE,2020-03-05
fs,1.4.0,TRUE,2020-03-31
fs,1.4.1,FALSE,2020-04-04
fs,1.4.2,FALSE,2020-06-30
fs,1.5.0,TRUE,2020-07-31
gargle,0.1.3,FALSE,2019-06-03
gargle,0.2.0,TRUE,2019-06-11
gargle,0.3.0,TRUE,2019-06-27
gargle,0.3.1,FALSE,2019-07-26
gargle,0.4.0,TRUE,2019-10-04
gargle,0.5.0,TRUE,2020-05-06
generics,0.0.1,FALSE,2018-10-26
generics,0.0.2,FALSE,2018-11-29
generics,0.1.0,TRUE,2020-10-31
gert,0.1,TRUE,2019-06-19
gert,0.2,TRUE,2019-07-22
gert,0.3,TRUE,2019-10-29
gert,1.0.0,TRUE,2020-10-08
gert,1.0.1,FALSE,2020-10-14
gh,1.0.1,FALSE,2017-07-16
gh,1.1.0,TRUE,2020-01-24
gitcreds,0.1.0,TRUE,2020-11-06
gmailr,0.0.1,FALSE,2014-07-26
gmailr,0.5.0,TRUE,2014-09-18
gmailr,0.6.0,TRUE,2014-12-04
gmailr,0.7.1,FALSE,2016-04-11
gmailr,1.0.0,TRUE,2019-08-23
gmailr,0.0.1,FALSE,2014-07-26
gmailr,0.5.0,TRUE,2014-09-18
gmailr,0.6.0,TRUE,2014-12-04
gmailr,0.7.1,FALSE,2016-04-11
gmailr,1.0.0,TRUE,2019-08-23
gtable,0.1.1,FALSE,2012-09-04
gtable,0.1.2,FALSE,2012-12-05
gtable,0.2.0,TRUE,2016-02-26
gtable,0.3.0,TRUE,2019-03-25
gtable,0.1.1,FALSE,2012-09-04
gtable,0.1.2,FALSE,2012-12-05
gtable,0.2.0,TRUE,2016-02-26
gtable,0.3.0,TRUE,2019-03-25
here,0.1,TRUE,2017-05-28
httr,0.1,TRUE,2012-05-06
httr,0.1.1,FALSE,2012-06-19
httr,0.2,TRUE,2012-10-11
httr,0.3,TRUE,2014-03-19
httr,0.4,TRUE,2014-07-28
httr,0.5,TRUE,2014-09-02
httr,0.6.0,TRUE,2014-12-13
httr,0.6.1,FALSE,2014-12-31
httr,1.0.0,TRUE,2015-06-25
httr,1.1.0,TRUE,2016-01-27
httr,1.2.0,TRUE,2016-06-14
httr,1.2.1,FALSE,2016-07-03
httr,1.3.0,TRUE,2017-08-16
httr,1.3.1,FALSE,2017-08-20
httr,1.4.0,TRUE,2018-12-11
httr,1.4.1,FALSE,2019-08-05
httr,1.4.2,FALSE,2020-07-21
io,0.1,TRUE,2014-06-06
io,0.2,TRUE,2014-12-11
io,0.2.1,FALSE,2014-12-19
io,0.2.2,FALSE,2015-01-08
io,0.2.3,FALSE,2016-04-04
io,0.2.4,FALSE,2016-04-14
io,0.3.0,TRUE,2018-01-15
io,0.3.2,FALSE,2019-12-17
keyring,1.0.0,TRUE,2017-09-09
keyring,1.1.0,TRUE,2018-07-16
later,0.3,TRUE,2017-06-25
later,0.4,TRUE,2017-08-23
later,0.5,TRUE,2017-10-05
later,0.6,TRUE,2017-11-04
later,0.7.1,FALSE,2018-03-07
later,0.7.2,FALSE,2018-05-01
later,0.7.3,FALSE,2018-06-08
later,0.7.4,FALSE,2018-08-31
later,0.7.5,FALSE,2018-09-18
later,0.8.0,TRUE,2019-02-11
later,1.0.0,TRUE,2019-10-04
later,1.1.0.1,TRUE,2020-06-05
lifecycle,0.1.0,TRUE,2019-08-01
lifecycle,0.2.0,TRUE,2020-03-06
liteq,1.0.0,TRUE,2017-01-27
liteq,1.0.1,FALSE,2017-10-20
liteq,1.1.0,TRUE,2019-03-08
lobstr,1.0.0,TRUE,2018-11-04
lobstr,1.0.1,FALSE,2018-12-21
lobstr,1.1.0,TRUE,2019-06-19
lobstr,1.1.1,FALSE,2019-07-03
memoise,0.1,TRUE,2010-09-03
memoise,0.2.1,FALSE,2014-04-22
memoise,1.0.0,TRUE,2016-01-28
memoise,1.1.0,TRUE,2017-04-21
mockery,0.2.0,TRUE,2016-10-25
mockery,0.3.0,TRUE,2016-12-16
mockery,0.4.0,TRUE,2017-11-07
mockery,0.4.1,FALSE,2017-11-10
mockery,0.4.1.1,FALSE,2018-08-19
mockery,0.4.2,FALSE,2019-09-03
oskeyring,0.1.0,TRUE,2020-10-30
pak,0.1.2,FALSE,2019-02-19
pillar,1.0.0,TRUE,2017-11-20
pillar,1.0.1,FALSE,2017-11-27
pillar,1.1.0,TRUE,2018-01-14
pillar,1.2.0,TRUE,2018-02-26
pillar,1.2.1,FALSE,2018-02-27
pillar,1.2.2,FALSE,2018-04-26
pillar,1.2.3,FALSE,2018-05-25
pillar,1.3.0,TRUE,2018-07-14
pillar,1.3.1,FALSE,2018-12-15
pillar,1.4.0,TRUE,2019-05-11
pillar,1.4.1,FALSE,2019-05-28
pillar,1.4.2,FALSE,2019-06-29
pillar,1.4.3,FALSE,2019-12-20
pillar,1.4.4,FALSE,2020-05-05
pillar,1.4.5,FALSE,2020-07-09
pillar,1.4.6,FALSE,2020-07-10
pingr,1.0.0,TRUE,2014-09-22
pingr,1.1.0,TRUE,2014-10-06
pingr,1.1.2,FALSE,2017-03-02
pingr,1.2.0,TRUE,2019-10-09
pingr,2.0.0,TRUE,2019-10-21
pingr,2.0.1,FALSE,2020-06-22
pkgbuild,1.0.0,TRUE,2018-06-27
pkgbuild,1.0.1,FALSE,2018-09-18
pkgbuild,1.0.2,FALSE,2018-10-16
pkgbuild,1.0.3,FALSE,2019-03-21
pkgbuild,1.0.4,FALSE,2019-08-06
pkgbuild,1.0.5,FALSE,2019-08-26
pkgbuild,1.0.6,FALSE,2019-10-09
pkgbuild,1.0.7,FALSE,2020-04-25
pkgbuild,1.0.8,FALSE,2020-05-07
pkgbuild,1.1.0,TRUE,2020-07-13
pkgcache,1.0.2,FALSE,2018-12-31
pkgcache,1.0.3,FALSE,2019-01-11
pkgcache,1.0.4,FALSE,2019-05-13
pkgcache,1.0.5,FALSE,2019-05-31
pkgcache,1.0.6,FALSE,2020-01-30
pkgcache,1.0.7,FALSE,2020-04-18
pkgcache,1.1.0,TRUE,2020-07-07
pkgcache,1.1.1,FALSE,2020-10-11
pkgconfig,1.0.0,TRUE,2015-07-13
pkgconfig,2.0.0,TRUE,2015-07-18
pkgconfig,2.0.1,FALSE,2017-03-21
pkgconfig,2.0.2,FALSE,2018-08-16
pkgconfig,2.0.3,FALSE,2019-09-22
pkgdown,1.0.0,TRUE,2018-05-03
pkgdown,1.1.0,TRUE,2018-06-02
pkgdown,1.2.0,TRUE,2018-11-20
pkgdown,1.3.0,TRUE,2018-12-07
pkgdown,1.4.0,TRUE,2019-09-03
pkgdown,1.4.1,FALSE,2019-09-15
pkgdown,1.5.0,TRUE,2020-03-25
pkgdown,1.5.1,FALSE,2020-04-09
pkgdown,1.6.0,TRUE,2020-09-07
pkgdown,1.6.1,FALSE,2020-09-12
pkgload,1.0.0,TRUE,2018-07-07
pkgload,1.0.1,FALSE,2018-10-11
pkgload,1.0.2,FALSE,2018-10-29
pkgload,1.1.0,TRUE,2020-05-29
presser,1.0.0,TRUE,2020-05-06
presser,1.1.0,TRUE,2020-06-24
prettycode,1.0.0,TRUE,2017-01-27
prettycode,1.0.1,FALSE,2017-12-12
prettycode,1.0.2,FALSE,2018-09-11
prettycode,1.1.0,TRUE,2019-12-16
prettyunits,1.0.0,TRUE,2014-10-13
prettyunits,1.0.2,FALSE,2015-07-12
prettyunits,1.1.0,TRUE,2020-01-09
prettyunits,1.1.1,FALSE,2020-01-24
prettyunits,1.0.0,TRUE,2014-10-13
prettyunits,1.0.2,FALSE,2015-07-12
prettyunits,1.1.0,TRUE,2020-01-09
prettyunits,1.1.1,FALSE,2020-01-24
processx,2.0.0,TRUE,2017-05-30
processx,2.0.0.1,TRUE,2017-07-30
processx,3.0.3,FALSE,2018-05-07
processx,3.1.0,TRUE,2018-05-15
processx,3.2.0,TRUE,2018-08-16
processx,3.2.1,FALSE,2018-12-05
processx,3.3.0,TRUE,2019-03-10
processx,3.3.1,FALSE,2019-05-08
processx,3.4.0,TRUE,2019-07-03
processx,3.4.1,FALSE,2019-07-18
processx,3.4.2,FALSE,2020-02-09
processx,3.4.3,FALSE,2020-07-05
processx,3.4.4,FALSE,2020-09-03
progress,1.0.1,FALSE,2015-05-30
progress,1.0.2,FALSE,2015-06-04
progress,1.1.1,FALSE,2016-12-13
progress,1.1.2,FALSE,2016-12-14
progress,1.2.0,TRUE,2018-06-14
progress,1.2.1,FALSE,2019-05-13
progress,1.2.2,FALSE,2019-05-16
ps,1.0.0,TRUE,2018-07-22
ps,1.1.0,TRUE,2018-08-10
ps,1.2.0,TRUE,2018-10-16
ps,1.2.1,FALSE,2018-11-06
ps,1.3.0,TRUE,2018-12-21
ps,1.3.1,FALSE,2020-02-12
ps,1.3.2,FALSE,2020-02-13
ps,1.3.3,FALSE,2020-05-08
ps,1.3.4,FALSE,2020-08-11
ps,1.4.0,TRUE,2020-10-07
R6,1.0.1,FALSE,2014-07-17
R6,2.0,TRUE,2014-08-19
R6,2.0.1,FALSE,2014-10-29
R6,2.1.0,TRUE,2015-07-03
R6,2.1.1,FALSE,2015-08-18
R6,2.1.2,FALSE,2016-01-25
R6,2.1.3,FALSE,2016-08-19
R6,2.2.0,TRUE,2016-10-07
R6,2.2.1,FALSE,2017-05-10
R6,2.2.2,FALSE,2017-06-17
R6,2.3.0,TRUE,2018-10-04
R6,2.4.0,TRUE,2019-02-14
R6,2.4.1,FALSE,2019-11-13
R6,2.5.0,TRUE,2020-10-28
ragg,0.1.0,TRUE,2019-07-15
ragg,0.1.1,FALSE,2019-07-29
ragg,0.1.2,FALSE,2019-07-30
ragg,0.1.3,FALSE,2019-08-28
ragg,0.1.4,FALSE,2020-02-25
ragg,0.1.5,FALSE,2020-03-04
ragg,0.2.0,TRUE,2020-05-14
ragg,0.3.0,TRUE,2020-06-24
ragg,0.3.1,FALSE,2020-07-03
ragg,0.4.0,TRUE,2020-10-05
rappdirs,0.3,TRUE,2014-09-02
rappdirs,0.3.1,FALSE,2016-03-28
rcmdcheck,1.0.0,TRUE,2016-03-28
rcmdcheck,1.1.0,TRUE,2016-04-16
rcmdcheck,1.2.1,FALSE,2016-09-28
rcmdcheck,1.3.0,TRUE,2018-09-19
rcmdcheck,1.3.1,FALSE,2018-11-05
rcmdcheck,1.3.2,FALSE,2018-11-10
rcmdcheck,1.3.3,FALSE,2019-05-07
rematch2,2.0.1,FALSE,2017-06-20
rematch2,2.1.0,TRUE,2019-07-11
rematch2,2.1.1,FALSE,2020-03-28
rematch2,2.1.2,FALSE,2020-05-01
remotes,1.0.0,TRUE,2016-09-09
remotes,1.1.0,TRUE,2017-07-09
remotes,1.1.1,FALSE,2017-12-21
remotes,2.0.0,TRUE,2018-10-11
remotes,2.0.1,FALSE,2018-10-19
remotes,2.0.2,FALSE,2018-10-30
remotes,2.0.3,FALSE,2019-04-09
remotes,2.0.4,FALSE,2019-04-10
remotes,2.1.0,TRUE,2019-06-25
remotes,2.1.1,FALSE,2020-02-15
remotes,2.2.0,TRUE,2020-07-21
rlang,0.1,TRUE,2017-05-06
rlang,0.1.1,FALSE,2017-05-18
rlang,0.1.2,FALSE,2017-08-09
rlang,0.1.4,FALSE,2017-11-05
rlang,0.1.6,FALSE,2017-12-21
rlang,0.2.0,TRUE,2018-02-20
rlang,0.2.1,FALSE,2018-05-30
rlang,0.2.2,FALSE,2018-08-16
rlang,0.3.0,TRUE,2018-10-22
rlang,0.3.0.1,TRUE,2018-10-25
rlang,0.3.1,FALSE,2019-01-08
rlang,0.3.2,FALSE,2019-03-21
rlang,0.3.3,FALSE,2019-03-29
rlang,0.3.4,FALSE,2019-04-07
rlang,0.4.0,TRUE,2019-06-25
rlang,0.4.1,FALSE,2019-10-24
rlang,0.4.2,FALSE,2019-11-23
rlang,0.4.3,FALSE,2020-01-24
rlang,0.4.4,FALSE,2020-01-28
rlang,0.4.5,FALSE,2020-03-01
rlang,0.4.6,FALSE,2020-05-02
rlang,0.4.7,FALSE,2020-07-09
rlang,0.4.8,FALSE,2020-10-08
roxygen2,2.0,TRUE,2011-07-23
roxygen2,2.1,TRUE,2011-07-29
roxygen2,2.2,TRUE,2011-11-12
roxygen2,2.2.1,FALSE,2011-11-19
roxygen2,2.2.2,FALSE,2011-12-01
roxygen2,3.0.0,TRUE,2013-12-06
roxygen2,3.1.0,TRUE,2014-01-29
roxygen2,4.0.0,TRUE,2014-05-02
roxygen2,4.0.1,FALSE,2014-05-17
roxygen2,4.0.2,FALSE,2014-09-02
roxygen2,4.1.0,TRUE,2014-12-13
roxygen2,4.1.1,FALSE,2015-04-15
roxygen2,5.0.0,TRUE,2015-10-28
roxygen2,5.0.1,FALSE,2015-11-10
roxygen2,6.0.0,TRUE,2017-01-31
roxygen2,6.0.1,FALSE,2017-02-06
roxygen2,6.1.0,TRUE,2018-07-27
roxygen2,6.1.1,FALSE,2018-11-07
roxygen2,7.0.0,TRUE,2019-11-12
roxygen2,7.0.1,FALSE,2019-11-22
roxygen2,7.0.2,FALSE,2019-12-02
roxygen2,7.1.0,TRUE,2020-03-11
roxygen2,7.1.1,FALSE,2020-06-27
roxygen2,2.0,TRUE,2011-07-23
roxygen2,2.1,TRUE,2011-07-29
roxygen2,2.2,TRUE,2011-11-12
roxygen2,2.2.1,FALSE,2011-11-19
roxygen2,2.2.2,FALSE,2011-12-01
roxygen2,3.0.0,TRUE,2013-12-06
roxygen2,3.1.0,TRUE,2014-01-29
roxygen2,4.0.0,TRUE,2014-05-02
roxygen2,4.0.1,FALSE,2014-05-17
roxygen2,4.0.2,FALSE,2014-09-02
roxygen2,4.1.0,TRUE,2014-12-13
roxygen2,4.1.1,FALSE,2015-04-15
roxygen2,5.0.0,TRUE,2015-10-28
roxygen2,5.0.1,FALSE,2015-11-10
roxygen2,6.0.0,TRUE,2017-01-31
roxygen2,6.0.1,FALSE,2017-02-06
roxygen2,6.1.0,TRUE,2018-07-27
roxygen2,6.1.1,FALSE,2018-11-07
roxygen2,7.0.0,TRUE,2019-11-12
roxygen2,7.0.1,FALSE,2019-11-22
roxygen2,7.0.2,FALSE,2019-12-02
roxygen2,7.1.0,TRUE,2020-03-11
roxygen2,7.1.1,FALSE,2020-06-27
roxygen2md,1.0.0,TRUE,2019-06-17
rprojroot,1.0,TRUE,2016-03-26
rprojroot,1.0-1,TRUE,2016-03-27
rprojroot,1.0-2,TRUE,2016-03-28
rprojroot,1.1,TRUE,2016-10-29
rprojroot,1.2,TRUE,2017-01-16
rprojroot,1.3-1,TRUE,2017-12-18
rprojroot,1.3-2,TRUE,2018-01-03
rray,0.1.0,TRUE,2019-07-23
scales,0.1.0,TRUE,2011-09-22
scales,0.2.0,TRUE,2012-02-27
scales,0.2.1,FALSE,2012-05-08
scales,0.2.2,FALSE,2012-09-04
scales,0.2.3,FALSE,2012-12-05
scales,0.2.4,FALSE,2014-04-22
scales,0.2.5,FALSE,2015-06-12
scales,0.3.0,TRUE,2015-08-24
scales,0.4.0,TRUE,2016-02-26
scales,0.4.1,FALSE,2016-11-09
scales,0.5.0,TRUE,2017-08-24
scales,1.0.0,TRUE,2018-08-09
scales,1.1.0,TRUE,2019-11-18
scales,1.1.1,FALSE,2020-05-12
scales,0.1.0,TRUE,2011-09-22
scales,0.2.0,TRUE,2012-02-27
scales,0.2.1,FALSE,2012-05-08
scales,0.2.2,FALSE,2012-09-04
scales,0.2.3,FALSE,2012-12-05
scales,0.2.4,FALSE,2014-04-22
scales,0.2.5,FALSE,2015-06-12
scales,0.3.0,TRUE,2015-08-24
scales,0.4.0,TRUE,2016-02-26
scales,0.4.1,FALSE,2016-11-09
scales,0.5.0,TRUE,2017-08-24
scales,1.0.0,TRUE,2018-08-09
scales,1.1.0,TRUE,2019-11-18
scales,1.1.1,FALSE,2020-05-12
sessioninfo,1.0.0,TRUE,2017-06-21
sessioninfo,1.1.0,TRUE,2018-09-25
sessioninfo,1.1.1,FALSE,2018-11-05
showimage,1.0.0,TRUE,2018-01-24
sloop,1.0.0,TRUE,2018-10-30
sloop,1.0.1,FALSE,2019-02-17
sloop,1.0.0,TRUE,2018-10-30
sloop,1.0.1,FALSE,2019-02-17
styler,1.0.0,TRUE,2017-12-11
styler,1.0.1,FALSE,2018-03-08
styler,1.0.2,FALSE,2018-06-26
styler,1.1.0,TRUE,2018-11-20
styler,1.1.1,FALSE,2019-05-06
styler,1.2.0,TRUE,2019-10-17
styler,1.3.0,TRUE,2020-02-11
styler,1.3.1,FALSE,2020-02-13
styler,1.3.2,FALSE,2020-02-23
svglite,1.0.0,TRUE,2015-12-08
svglite,1.1.0,TRUE,2016-02-09
svglite,1.2.0,TRUE,2016-11-03
svglite,1.2.1,FALSE,2017-09-11
svglite,1.2.2,FALSE,2019-05-17
svglite,1.2.3,FALSE,2020-02-07
svglite,1.2.3.2,FALSE,2020-07-07
systemfonts,0.1.0,TRUE,2019-06-28
systemfonts,0.1.1,FALSE,2019-07-01
systemfonts,0.2.0,TRUE,2020-04-16
systemfonts,0.2.1,FALSE,2020-04-29
systemfonts,0.2.2,FALSE,2020-05-14
systemfonts,0.2.3,FALSE,2020-06-09
systemfonts,0.3.0,TRUE,2020-09-01
systemfonts,0.3.1,FALSE,2020-09-08
systemfonts,0.3.2,FALSE,2020-09-29
testthat,0.1,TRUE,2009-11-17
testthat,0.1.1,FALSE,2009-11-30
testthat,0.2,TRUE,2010-07-25
testthat,0.3,TRUE,2010-08-31
testthat,0.4,TRUE,2011-03-20
testthat,0.5,TRUE,2011-06-01
testthat,0.6,TRUE,2011-12-30
testthat,0.7,TRUE,2012-06-27
testthat,0.7.1,FALSE,2013-03-27
testthat,0.8,TRUE,2014-02-20
testthat,0.8.1,FALSE,2014-02-21
testthat,0.9,TRUE,2014-09-22
testthat,0.9.1,FALSE,2014-10-01
testthat,0.10.0,TRUE,2015-05-22
testthat,0.11.0,TRUE,2015-10-14
testthat,1.0.0,TRUE,2016-04-14
testthat,1.0.1,FALSE,2016-04-21
testthat,1.0.2,FALSE,2016-04-23
testthat,2.0.0,TRUE,2017-12-13
testthat,2.0.1,FALSE,2018-10-13
testthat,2.1.0,TRUE,2019-04-22
testthat,2.1.1,FALSE,2019-04-24
testthat,2.2.0,TRUE,2019-07-22
testthat,2.2.1,FALSE,2019-07-25
testthat,2.3.0,TRUE,2019-11-06
testthat,2.3.1,FALSE,2019-12-01
testthat,2.3.2,FALSE,2020-03-02
testthat,3.0.0,TRUE,2020-10-31
textshaping,0.1.0,TRUE,2020-09-17
textshaping,0.1.1,FALSE,2020-09-29
textshaping,0.1.2,FALSE,2020-10-08
tidyselect,0.1.1,FALSE,2017-07-24
tidyselect,0.2.0,TRUE,2017-08-30
tidyselect,0.2.1,FALSE,2017-10-09
tidyselect,0.2.2,FALSE,2017-10-11
tidyselect,0.2.3,FALSE,2017-11-06
tidyselect,0.2.4,FALSE,2018-02-26
tidyselect,0.2.5,FALSE,2018-10-11
tidyselect,1.0.0,TRUE,2020-01-27
tidyselect,1.1.0,TRUE,2020-05-12
tracer,1.0.0,TRUE,2017-01-28
usethis,1.0.0,TRUE,2017-10-22
usethis,1.1.0,TRUE,2017-11-17
usethis,1.2.0,TRUE,2018-01-19
usethis,1.3.0,TRUE,2018-02-24
usethis,1.4.0,TRUE,2018-08-14
usethis,1.5.0,TRUE,2019-04-08
usethis,1.5.1,FALSE,2019-07-10
usethis,1.6.0,TRUE,2020-04-09
usethis,1.6.1,FALSE,2020-04-29
usethis,1.6.3,FALSE,2020-09-17
vctrs,0.1.0,TRUE,2018-11-29
vctrs,0.2.0,TRUE,2019-07-10
vctrs,0.2.1,FALSE,2019-12-17
vctrs,0.2.2,FALSE,2020-01-24
vctrs,0.2.3,FALSE,2020-02-20
vctrs,0.2.4,FALSE,2020-03-10
vctrs,0.3.0,TRUE,2020-05-12
vctrs,0.3.1,FALSE,2020-06-05
vctrs,0.3.2,FALSE,2020-07-15
vctrs,0.3.3,FALSE,2020-08-28
vctrs,0.3.4,FALSE,2020-08-29
vdiffr,0.1.0,TRUE,2016-11-08
vdiffr,0.1.1,FALSE,2016-11-15
vdiffr,0.2.0,TRUE,2017-08-03
vdiffr,0.2.1,FALSE,2017-10-09
vdiffr,0.2.2,FALSE,2018-02-01
vdiffr,0.2.3,FALSE,2018-04-27
vdiffr,0.3.0,TRUE,2019-01-02
vdiffr,0.3.1,FALSE,2019-07-10
vdiffr,0.3.2,FALSE,2020-06-06
vdiffr,0.3.2.2,FALSE,2020-07-07
vdiffr,0.3.3,FALSE,2020-10-06
vdiffr,0.1.0,TRUE,2016-11-08
vdiffr,0.1.1,FALSE,2016-11-15
vdiffr,0.2.0,TRUE,2017-08-03
vdiffr,0.2.1,FALSE,2017-10-09
vdiffr,0.2.2,FALSE,2018-02-01
vdiffr,0.2.3,FALSE,2018-04-27
vdiffr,0.3.0,TRUE,2019-01-02
vdiffr,0.3.1,FALSE,2019-07-10
vdiffr,0.3.2,FALSE,2020-06-06
vdiffr,0.3.2.2,FALSE,2020-07-07
vdiffr,0.3.3,FALSE,2020-10-06
vroom,1.0.0,TRUE,2019-05-04
vroom,1.0.1,FALSE,2019-05-15
vroom,1.0.2,FALSE,2019-07-10
vroom,1.2.0,TRUE,2020-01-14
vroom,1.2.1,FALSE,2020-05-12
vroom,1.3.0,TRUE,2020-08-14
vroom,1.3.1,FALSE,2020-08-27
vroom,1.3.2,FALSE,2020-09-30
waldo,0.1.0,TRUE,2020-04-16
waldo,0.2.0,TRUE,2020-07-13
waldo,0.2.1,FALSE,2020-10-08
waldo,0.2.2,FALSE,2020-10-15
whoami,1.0.0,TRUE,2015-06-09
whoami,1.1.0,TRUE,2015-06-11
whoami,1.1.1,FALSE,2015-07-12
whoami,1.1.2,FALSE,2017-10-20
whoami,1.2.0,TRUE,2018-09-11
whoami,1.3.0,TRUE,2019-04-08
withr,1.0.0,TRUE,NA
withr,1.0.1,FALSE,NA
withr,1.0.2,FALSE,2016-06-20
withr,2.0.0,TRUE,2017-07-28
withr,2.1.0,TRUE,2017-11-01
withr,2.1.1,FALSE,2017-12-19
withr,2.1.2,FALSE,2018-03-15
withr,2.2.0,TRUE,2020-04-20
withr,2.3.0,TRUE,2020-09-22
xml2,0.1.0,TRUE,2015-04-20
xml2,0.1.1,FALSE,2015-06-02
xml2,0.1.2,FALSE,2015-09-01
xml2,1.0.0,TRUE,2016-06-24
xml2,1.1.0,TRUE,2017-01-07
xml2,1.1.1,FALSE,2017-01-25
xml2,1.2.0,TRUE,2018-01-24
xml2,1.2.1,FALSE,2019-07-29
xml2,1.2.2,FALSE,2019-08-09
xml2,1.2.4,FALSE,2020-03-10
xml2,1.2.5,FALSE,2020-03-11
xml2,1.3.0,TRUE,2020-04-01
xml2,1.3.1,FALSE,2020-04-09
xml2,1.3.2,FALSE,2020-04-23
xmlparsedata,1.0.0,TRUE,2016-05-20
xmlparsedata,1.0.1,FALSE,2016-06-18
xmlparsedata,1.0.2,FALSE,2018-09-17
xmlparsedata,1.0.3,FALSE,2019-09-27
xmlparsedata,1.0.4,FALSE,2020-08-31
xopen,1.0.0,TRUE,2018-09-17
ymlthis,0.1.0,TRUE,2019-10-02
ymlthis,0.1.1,FALSE,2019-11-18
ymlthis,0.1.2,FALSE,2020-02-04
zeallot,0.0.2,FALSE,2017-01-27
zeallot,0.0.3,FALSE,2017-02-27
zeallot,0.0.4,FALSE,2017-07-28
zeallot,0.0.5,FALSE,2017-08-25
zeallot,0.0.6,FALSE,2017-09-28
zeallot,0.1.0,TRUE,2018-01-28
zip,1.0.0,TRUE,2017-04-25
zip,2.0.0,TRUE,2019-02-25
zip,2.0.1,FALSE,2019-03-11
zip,2.0.2,FALSE,2019-05-13
zip,2.0.3,FALSE,2019-07-10
zip,2.0.4,FALSE,2019-09-01
zip,2.1.0,TRUE,2020-08-10
zip,2.1.1,FALSE,2020-08-27
bigrquery,0.1.0,TRUE,2015-01-13
bigrquery,0.2.0,TRUE,2016-03-03
bigrquery,0.3.0,TRUE,2016-06-28
bigrquery,0.4.0,TRUE,2017-06-23
bigrquery,0.4.1,FALSE,2017-06-26
bigrquery,1.0.0,TRUE,2018-04-24
bigrquery,1.1.0,TRUE,2019-02-05
bigrquery,1.1.1,FALSE,2019-05-16
bigrquery,1.2.0,TRUE,2019-07-02
bigrquery,1.3.0,TRUE,2020-05-08
bigrquery,1.3.1,FALSE,2020-05-15
bigrquery,1.3.2,FALSE,2020-10-05
DBI,0.1-2,TRUE,2001-12-19
DBI,0.1-3,TRUE,2002-05-20
DBI,0.1-4,TRUE,2002-08-27
DBI,0.1-5,TRUE,2003-04-07
DBI,0.1-6,TRUE,2003-06-16
DBI,0.1-7,TRUE,2003-11-12
DBI,0.1-8,TRUE,2004-04-13
DBI,0.1-9,TRUE,2005-04-07
DBI,0.1-10,TRUE,2006-01-28
DBI,0.1-11,TRUE,2006-10-27
DBI,0.1-12,TRUE,2006-12-04
DBI,0.2-0,TRUE,2007-03-21
DBI,0.2-1,TRUE,2007-03-28
DBI,0.2-2,TRUE,2007-04-15
DBI,0.2-3,TRUE,2007-05-01
DBI,0.2-4,TRUE,2007-10-17
DBI,0.2-5,TRUE,2009-12-22
DBI,0.2-6,TRUE,2013-04-21
DBI,0.2-7,TRUE,2013-05-09
DBI,0.3.0,TRUE,2014-09-02
DBI,0.3.1,FALSE,2014-09-24
DBI,0.4,TRUE,2016-05-02
DBI,0.4-1,TRUE,2016-05-08
DBI,0.5,TRUE,2016-08-11
DBI,0.5-1,TRUE,2016-09-09
DBI,0.6,TRUE,2017-03-09
DBI,0.6-1,TRUE,2017-04-01
DBI,0.7,TRUE,2017-06-18
DBI,0.8,TRUE,2018-03-02
DBI,1.0.0,TRUE,2018-05-02
DBI,1.1.0,TRUE,2019-12-15
DBItest,1.2,TRUE,2016-05-24
DBItest,1.3,TRUE,2016-07-07
DBItest,1.4,TRUE,2016-12-03
DBItest,1.5,TRUE,2017-06-19
DBItest,1.5-1,TRUE,2017-12-11
DBItest,1.5-2,TRUE,2018-01-25
DBItest,1.7.0,TRUE,2019-12-16
odbc,1.0.0,TRUE,2017-02-05
odbc,1.0.1,FALSE,2017-02-07
odbc,1.1.0,TRUE,2017-06-23
odbc,1.1.1,FALSE,2017-06-27
odbc,1.1.2,FALSE,2017-10-02
odbc,1.1.3,FALSE,2017-10-05
odbc,1.1.4,FALSE,2018-01-11
odbc,1.1.5,FALSE,2018-01-23
odbc,1.1.6,FALSE,2018-06-09
odbc,1.2.0,TRUE,2019-11-28
odbc,1.2.1,FALSE,2019-12-05
odbc,1.2.2,FALSE,2020-01-10
odbc,1.2.3,FALSE,2020-06-18
odbc,1.3.0,TRUE,2020-10-27
RMariaDB,1.0-2,TRUE,2017-10-04
RMariaDB,1.0-4,TRUE,2017-12-11
RMariaDB,1.0.5,FALSE,2018-04-03
RMariaDB,1.0.6,FALSE,2018-05-06
RMariaDB,1.0.7,FALSE,2019-12-03
RMariaDB,1.0.8,FALSE,2019-12-18
RMariaDB,1.0.9,FALSE,2020-07-03
RMariaDB,1.0.10,FALSE,2020-08-27
RMySQL,0.2,TRUE,2000-02-04
RMySQL,0.2-3,TRUE,2000-10-06
RMySQL,0.4-2,TRUE,2001-03-12
RMySQL,0.4-3,TRUE,2001-11-06
RMySQL,0.4-5,TRUE,2002-05-21
RMySQL,0.4-6,TRUE,2002-06-27
RMySQL,0.5-0,TRUE,2002-10-01
RMySQL,0.5-1,TRUE,2003-04-07
RMySQL,0.5-2,TRUE,2003-05-17
RMySQL,0.5-3,TRUE,2003-12-02
RMySQL,0.5-4,TRUE,2004-04-13
RMySQL,0.5-5,TRUE,2004-06-22
RMySQL,0.5-7,TRUE,2006-01-28
RMySQL,0.5-9,TRUE,2006-10-07
RMySQL,0.5-10,TRUE,2006-10-27
RMySQL,0.5-11,TRUE,2007-01-05
RMySQL,0.6-0,TRUE,2007-06-01
RMySQL,0.6-1,TRUE,2008-09-08
RMySQL,0.7-2,TRUE,2008-12-05
RMySQL,0.7-3,TRUE,2009-02-04
RMySQL,0.7-4,TRUE,2009-04-14
RMySQL,0.7-5,TRUE,2010-07-24
RMySQL,0.8-0,TRUE,2011-06-09
RMySQL,0.9-0,TRUE,2012-01-14
RMySQL,0.9-3,TRUE,2012-01-17
RMySQL,0.10,TRUE,2015-01-05
RMySQL,0.10.1,FALSE,2015-01-15
RMySQL,0.10.2,FALSE,2015-02-24
RMySQL,0.10.3,FALSE,2015-04-21
RMySQL,0.10.4,FALSE,2015-07-28
RMySQL,0.10.5,FALSE,2015-08-25
RMySQL,0.10.6,FALSE,2015-09-05
RMySQL,0.10.7,FALSE,2015-10-27
RMySQL,0.10.8,FALSE,2016-01-28
RMySQL,0.10.9,FALSE,2016-05-08
RMySQL,0.10.10,FALSE,2017-03-21
RMySQL,0.10.11,FALSE,2017-03-29
RMySQL,0.10.12,FALSE,2017-07-06
RMySQL,0.10.13,FALSE,2017-08-14
RMySQL,0.10.14,FALSE,2018-02-26
RMySQL,0.10.15,FALSE,2018-05-13
RMySQL,0.10.16,FALSE,2019-01-04
RMySQL,0.10.17,FALSE,2019-03-05
RMySQL,0.10.18,FALSE,2019-12-14
RMySQL,0.10.19,FALSE,2020-02-03
RMySQL,0.10.20,FALSE,2020-03-14
RPostgres,1.0-3,TRUE,2017-12-06
RPostgres,1.0-4,TRUE,2017-12-20
RPostgres,1.1.0,TRUE,2018-04-06
RPostgres,1.1.1,FALSE,2018-05-06
RPostgres,1.1.2,FALSE,2019-12-03
RPostgres,1.1.3,FALSE,2019-12-07
RPostgres,1.2.0,TRUE,2019-12-18
RPostgres,1.2.1,FALSE,2020-09-28
RSQLite,0.2-1,TRUE,2001-11-03
RSQLite,0.3-0,TRUE,2002-10-01
RSQLite,0.3-1,TRUE,2003-04-07
RSQLite,0.3-2,TRUE,2003-06-18
RSQLite,0.3-3,TRUE,2003-11-12
RSQLite,0.3-4,TRUE,2004-06-22
RSQLite,0.3-5,TRUE,2005-01-31
RSQLite,0.4-0,TRUE,2005-04-07
RSQLite,0.4-1,TRUE,2006-01-19
RSQLite,0.4-4,TRUE,2006-10-07
RSQLite,0.4-9,TRUE,2006-10-27
RSQLite,0.4-13,TRUE,2006-11-09
RSQLite,0.4-15,TRUE,2006-12-04
RSQLite,0.4-18,TRUE,2007-01-05
RSQLite,0.4-19,TRUE,2007-01-18
RSQLite,0.4-20,TRUE,2007-02-28
RSQLite,0.5-1,TRUE,2007-03-21
RSQLite,0.5-2,TRUE,2007-03-28
RSQLite,0.5-3,TRUE,2007-03-29
RSQLite,0.5-4,TRUE,2007-05-01
RSQLite,0.6-0,TRUE,2007-06-10
RSQLite,0.6-2,TRUE,2007-07-18
RSQLite,0.5-6,TRUE,2007-07-18
RSQLite,0.6-3,TRUE,2007-10-03
RSQLite,0.6-4,TRUE,2007-10-30
RSQLite,0.6-7,TRUE,2008-01-27
RSQLite,0.6-8,TRUE,2008-02-27
RSQLite,0.6-9,TRUE,2008-06-11
RSQLite,0.7-0,TRUE,2008-08-24
RSQLite,0.7-1,TRUE,2008-10-26
RSQLite,0.7-2,TRUE,2009-08-14
RSQLite,0.7-3,TRUE,2009-10-04
RSQLite,0.8-0,TRUE,2009-12-22
RSQLite,0.8-1,TRUE,2010-01-07
RSQLite,0.8-2,TRUE,2010-01-22
RSQLite,0.8-3,TRUE,2010-02-11
RSQLite,0.8-4,TRUE,2010-03-10
RSQLite,0.9-0,TRUE,2010-05-07
RSQLite,0.9-1,TRUE,2010-05-29
RSQLite,0.9-2,TRUE,2010-07-24
RSQLite,0.9-3,TRUE,2010-11-07
RSQLite,0.9-4,TRUE,2010-11-24
RSQLite,0.10.0,TRUE,2011-10-02
RSQLite,0.11.0,TRUE,2011-12-01
RSQLite,0.11.1,FALSE,2011-12-07
RSQLite,0.11.2,FALSE,2012-09-16
RSQLite,0.11.3,FALSE,2013-04-16
RSQLite,0.11.4,FALSE,2013-05-26
RSQLite,1.0.0,TRUE,2014-10-24
RSQLite,1.1,TRUE,2016-11-27
RSQLite,1.1-1,TRUE,2016-12-10
RSQLite,1.1-2,TRUE,2017-01-08
RSQLite,2.0,TRUE,2017-06-19
RSQLite,2.1.0,TRUE,2018-03-29
RSQLite,2.1.1,FALSE,2018-05-06
RSQLite,2.1.2,FALSE,2019-07-24
RSQLite,2.1.3,FALSE,2019-12-03
RSQLite,2.1.4,FALSE,2019-12-05
RSQLite,2.1.5,FALSE,2019-12-18
RSQLite,2.2.0,TRUE,2020-01-07
RSQLite,2.2.1,FALSE,2020-09-30
applicable,0.0.1,FALSE,2020-05-25
applicable,0.0.1.1,FALSE,2020-06-15
applicable,0.0.1.2,FALSE,2020-07-12
baguette,0.0.1,FALSE,2020-04-14
baguette,0.1.0,TRUE,2020-10-28
broom,0.3.4,FALSE,2014-11-23
broom,0.3.5,FALSE,2015-01-05
broom,0.3.6,FALSE,2015-02-18
broom,0.3.7,FALSE,2015-05-06
broom,0.4.0,TRUE,2015-11-30
broom,0.4.1,FALSE,2016-06-24
broom,0.4.2,FALSE,2017-02-13
broom,0.4.3,FALSE,2017-11-20
broom,0.4.4,FALSE,2018-03-29
broom,0.4.5,FALSE,2018-07-03
broom,0.5.0,TRUE,2018-07-17
broom,0.5.1,FALSE,2018-12-05
broom,0.5.2,FALSE,2019-04-07
broom,0.5.3,FALSE,2019-12-14
broom,0.5.4,FALSE,2020-01-27
broom,0.5.5,FALSE,2020-02-29
broom,0.5.6,FALSE,2020-04-20
broom,0.7.0,TRUE,2020-07-09
broom,0.7.1,FALSE,2020-10-02
broom,0.7.2,FALSE,2020-10-20
butcher,0.1.0,TRUE,2019-08-09
butcher,0.1.1,FALSE,2020-01-08
butcher,0.1.2,FALSE,2020-01-23
corrr,0.1.0,TRUE,2016-07-08
corrr,0.2.0,TRUE,2016-08-11
corrr,0.2.1,FALSE,2016-10-10
corrr,0.3.0,TRUE,2018-07-31
corrr,0.3.1,FALSE,2019-03-08
corrr,0.3.2,FALSE,2019-04-20
corrr,0.4.0,TRUE,2019-07-12
corrr,0.4.1,FALSE,2020-02-10
corrr,0.4.2,FALSE,2020-03-22
dials,0.0.1,FALSE,2018-08-13
dials,0.0.2,FALSE,2018-12-09
dials,0.0.3,FALSE,2019-10-01
dials,0.0.4,FALSE,2019-12-02
dials,0.0.5,FALSE,2020-04-01
dials,0.0.6,FALSE,2020-04-03
dials,0.0.7,FALSE,2020-06-10
dials,0.0.8,FALSE,2020-07-08
dials,0.0.9,FALSE,2020-09-16
discrim,0.0.1,FALSE,2019-10-11
discrim,0.0.2,FALSE,2020-04-09
discrim,0.1.0,TRUE,2020-07-07
discrim,0.1.1,FALSE,2020-10-28
embed,0.0.1,FALSE,2018-09-14
embed,0.0.2,FALSE,2018-11-19
embed,0.0.3,FALSE,2019-07-12
embed,0.0.4,FALSE,2019-09-15
embed,0.0.5,FALSE,2020-01-07
embed,0.0.6,FALSE,2020-03-17
embed,0.1.0,TRUE,2020-05-25
embed,0.1.1,FALSE,2020-07-03
embed,0.1.2,FALSE,2020-10-17
hardhat,0.1.0,TRUE,2019-12-16
hardhat,0.1.1,FALSE,2020-01-09
hardhat,0.1.2,FALSE,2020-02-28
hardhat,0.1.3,FALSE,2020-05-20
hardhat,0.1.4,FALSE,2020-07-02
infer,0.1.0,TRUE,2018-01-08
infer,0.1.1,FALSE,2018-01-22
infer,0.2.0,TRUE,2018-05-15
infer,0.3.0,TRUE,2018-07-11
infer,0.3.1,FALSE,2018-08-06
infer,0.4.0,TRUE,2018-11-15
infer,0.4.0.1,TRUE,2019-04-22
infer,0.5.0,TRUE,2019-09-27
infer,0.5.1,FALSE,2019-11-19
infer,0.5.2,FALSE,2020-06-14
infer,0.5.3,FALSE,2020-07-14
modeldata,0.0.1,FALSE,2019-12-06
modeldata,0.0.2,FALSE,2020-06-22
modeldata,0.1.0,TRUE,2020-10-22
modeldb,0.1.0,TRUE,2018-05-07
modeldb,0.1.1,FALSE,2019-01-07
modeldb,0.1.2,FALSE,2019-03-04
modeldb,0.2.0,TRUE,2019-07-20
modeldb,0.2.1,FALSE,2020-02-07
modeldb,0.2.2,FALSE,2020-02-10
parsnip,0.0.1,FALSE,2018-11-12
parsnip,0.0.2,FALSE,2019-03-22
parsnip,0.0.3,FALSE,2019-07-31
parsnip,0.0.3.1,FALSE,2019-08-06
parsnip,0.0.4,FALSE,2019-11-02
parsnip,0.0.5,FALSE,2020-01-07
parsnip,0.1.0,TRUE,2020-04-09
parsnip,0.1.1,FALSE,2020-05-06
parsnip,0.1.2,FALSE,2020-07-03
parsnip,0.1.3,FALSE,2020-08-05
parsnip,0.1.4,FALSE,2020-10-27
plsmod,0.0.1,FALSE,2020-04-14
plsmod,0.1.0,TRUE,2020-10-07
plsmod,0.1.1,FALSE,2020-10-28
poissonreg,0.0.1,FALSE,2020-04-14
poissonreg,0.1.0,TRUE,2020-10-28
probably,0.0.1,FALSE,2018-12-18
probably,0.0.2,FALSE,2019-03-08
probably,0.0.3,FALSE,2019-07-08
probably,0.0.4,FALSE,2020-01-13
probably,0.0.5,FALSE,2020-05-14
probably,0.0.6,FALSE,2020-06-05
recipes,0.1.0,TRUE,2017-07-27
recipes,0.1.1,FALSE,2017-11-20
recipes,0.1.2,FALSE,2018-01-11
recipes,0.1.3,FALSE,2018-06-16
recipes,0.1.4,FALSE,2018-11-19
recipes,0.1.5,FALSE,2019-03-21
recipes,0.1.6,FALSE,2019-07-02
recipes,0.1.7,FALSE,2019-09-15
recipes,0.1.8,FALSE,2019-12-18
recipes,0.1.9,FALSE,2020-01-07
recipes,0.1.10,FALSE,2020-03-18
recipes,0.1.11,FALSE,2020-04-30
recipes,0.1.12,FALSE,2020-05-01
recipes,0.1.13,FALSE,2020-06-23
recipes,0.1.14,FALSE,2020-10-17
recipes,0.1.0,TRUE,2017-07-27
recipes,0.1.1,FALSE,2017-11-20
recipes,0.1.2,FALSE,2018-01-11
recipes,0.1.3,FALSE,2018-06-16
recipes,0.1.4,FALSE,2018-11-19
recipes,0.1.5,FALSE,2019-03-21
recipes,0.1.6,FALSE,2019-07-02
recipes,0.1.7,FALSE,2019-09-15
recipes,0.1.8,FALSE,2019-12-18
recipes,0.1.9,FALSE,2020-01-07
recipes,0.1.10,FALSE,2020-03-18
recipes,0.1.11,FALSE,2020-04-30
recipes,0.1.12,FALSE,2020-05-01
recipes,0.1.13,FALSE,2020-06-23
recipes,0.1.14,FALSE,2020-10-17
rsample,0.0.1,FALSE,2017-07-08
rsample,0.0.2,FALSE,2017-11-12
rsample,0.0.3,FALSE,2018-11-20
rsample,0.0.4,FALSE,2019-01-07
rsample,0.0.5,FALSE,2019-07-12
rsample,0.0.6,FALSE,2020-03-31
rsample,0.0.7,FALSE,2020-06-04
rsample,0.0.8,FALSE,2020-09-23
rsample,0.0.1,FALSE,2017-07-08
rsample,0.0.2,FALSE,2017-11-12
rsample,0.0.3,FALSE,2018-11-20
rsample,0.0.4,FALSE,2019-01-07
rsample,0.0.5,FALSE,2019-07-12
rsample,0.0.6,FALSE,2020-03-31
rsample,0.0.7,FALSE,2020-06-04
rsample,0.0.8,FALSE,2020-09-23
rules,0.0.1,FALSE,2020-05-20
rules,0.0.2,FALSE,2020-06-10
rules,0.0.3,FALSE,2020-10-02
rules,0.1.0,TRUE,2020-10-28
textrecipes,0.0.1,FALSE,2018-12-17
textrecipes,0.0.2,FALSE,2019-09-07
textrecipes,0.1.0,TRUE,2020-03-05
textrecipes,0.2.0,TRUE,2020-04-14
textrecipes,0.2.1,FALSE,2020-05-04
textrecipes,0.2.2,FALSE,2020-05-10
textrecipes,0.2.3,FALSE,2020-05-22
textrecipes,0.3.0,TRUE,2020-07-09
themis,0.1.0,TRUE,2020-01-13
themis,0.1.1,FALSE,2020-05-17
themis,0.1.2,FALSE,2020-08-14
tidymodels,0.0.1,FALSE,2018-07-27
tidymodels,0.0.2,FALSE,2018-11-27
tidymodels,0.0.3,FALSE,2019-10-05
tidymodels,0.1.0,TRUE,2020-02-16
tidymodels,0.1.1,FALSE,2020-07-14
tidyposterior,0.0.1,FALSE,2017-11-14
tidyposterior,0.0.2,FALSE,2018-11-15
tidyposterior,0.0.3,FALSE,2020-06-11
tidyposterior,0.0.1,FALSE,2017-11-14
tidyposterior,0.0.2,FALSE,2018-11-15
tidyposterior,0.0.3,FALSE,2020-06-11
tidypredict,0.1.0,TRUE,2018-01-17
tidypredict,0.2.0,TRUE,2018-02-25
tidypredict,0.2.1,FALSE,2018-12-20
tidypredict,0.3.0,TRUE,2019-01-10
tidypredict,0.4.0,TRUE,2019-07-12
tidypredict,0.4.1,FALSE,2019-07-14
tidypredict,0.4.2,FALSE,2019-07-15
tidypredict,0.4.3,FALSE,2019-09-03
tidypredict,0.4.4,FALSE,2020-02-09
tidypredict,0.4.5,FALSE,2020-02-11
tidypredict,0.4.6,FALSE,2020-07-23
tidypredict,0.4.7,FALSE,2020-10-05
tidypredict,0.4.8,FALSE,2020-10-28
tune,0.0.1,FALSE,2020-02-11
tune,0.1.0,TRUE,2020-04-02
tune,0.1.1,FALSE,2020-07-08
usemodels,0.0.1,FALSE,2020-09-22
workflows,0.1.0,TRUE,2019-12-30
workflows,0.1.1,FALSE,2020-03-17
workflows,0.1.2,FALSE,2020-07-07
workflows,0.1.3,FALSE,2020-08-10
workflows,0.2.0,TRUE,2020-09-15
workflows,0.2.1,FALSE,2020-10-08
yardstick,0.0.1,FALSE,2017-11-12
yardstick,0.0.2,FALSE,2018-11-05
yardstick,0.0.3,FALSE,2019-03-08
yardstick,0.0.4,FALSE,2019-08-27
yardstick,0.0.5,FALSE,2020-01-23
yardstick,0.0.6,FALSE,2020-03-17
yardstick,0.0.7,FALSE,2020-07-13
yardstick,0.0.1,FALSE,2017-11-12
yardstick,0.0.2,FALSE,2018-11-05
yardstick,0.0.3,FALSE,2019-03-08
yardstick,0.0.4,FALSE,2019-08-27
yardstick,0.0.5,FALSE,2020-01-23
yardstick,0.0.6,FALSE,2020-03-17
yardstick,0.0.7,FALSE,2020-07-13
scales,0.1.0,TRUE,2011-09-22
scales,0.2.0,TRUE,2012-02-27
scales,0.2.1,FALSE,2012-05-08
scales,0.2.2,FALSE,2012-09-04
scales,0.2.3,FALSE,2012-12-05
scales,0.2.4,FALSE,2014-04-22
scales,0.2.5,FALSE,2015-06-12
scales,0.3.0,TRUE,2015-08-24
scales,0.4.0,TRUE,2016-02-26
scales,0.4.1,FALSE,2016-11-09
scales,0.5.0,TRUE,2017-08-24
scales,1.0.0,TRUE,2018-08-09
scales,1.1.0,TRUE,2019-11-18
scales,1.1.1,FALSE,2020-05-12
scales,0.1.0,TRUE,2011-09-22
scales,0.2.0,TRUE,2012-02-27
scales,0.2.1,FALSE,2012-05-08
scales,0.2.2,FALSE,2012-09-04
scales,0.2.3,FALSE,2012-12-05
scales,0.2.4,FALSE,2014-04-22
scales,0.2.5,FALSE,2015-06-12
scales,0.3.0,TRUE,2015-08-24
scales,0.4.0,TRUE,2016-02-26
scales,0.4.1,FALSE,2016-11-09
scales,0.5.0,TRUE,2017-08-24
scales,1.0.0,TRUE,2018-08-09
scales,1.1.0,TRUE,2019-11-18
scales,1.1.1,FALSE,2020-05-12
reshape,0.4,TRUE,2005-08-05
reshape,0.5,TRUE,2005-09-22
reshape,0.6,TRUE,2006-02-06
reshape,0.6.1,FALSE,2006-04-07
reshape,0.6.2,FALSE,2006-06-23
reshape,0.6.3,FALSE,2006-06-23
reshape,0.7,TRUE,2006-08-03
reshape,0.7.1,FALSE,2006-09-29
reshape,0.7.2,FALSE,2007-04-11
reshape,0.7.3,FALSE,2007-05-22
reshape,0.7.4,FALSE,2007-05-31
reshape,0.8.0,TRUE,2007-07-07
reshape,0.8.1,FALSE,2008-09-28
reshape,0.8.2,FALSE,2008-11-04
reshape,0.8.3,FALSE,2009-04-28
reshape,0.8.4,FALSE,2011-01-28
reshape,0.8.5,FALSE,2014-04-22
reshape,0.8.6,FALSE,2016-10-21
reshape,0.8.7,FALSE,2017-08-06
reshape,0.8.8,FALSE,2018-10-23
sloop,1.0.0,TRUE,2018-10-30
sloop,1.0.1,FALSE,2019-02-17
sloop,1.0.0,TRUE,2018-10-30
sloop,1.0.1,FALSE,2019-02-17
lazyeval,0.1.9,FALSE,2014-10-01
lazyeval,0.1.10,FALSE,2015-01-02
lazyeval,0.2.0,TRUE,2016-06-12
lazyeval,0.2.1,FALSE,2017-10-29
lazyeval,0.2.2,FALSE,2019-03-15
nycflights13,0.1,TRUE,2014-07-22
nycflights13,0.2.0,TRUE,2016-04-29
nycflights13,0.2.1,FALSE,2016-12-29
nycflights13,0.2.2,FALSE,2017-01-27
nycflights13,1.0.0,TRUE,2018-06-26
nycflights13,1.0.1,FALSE,2019-09-16
babynames,0.1,TRUE,2014-07-22
babynames,0.2.0,TRUE,2016-02-19
babynames,0.2.1,FALSE,2016-02-21
babynames,0.3.0,TRUE,2017-04-14
babynames,1.0.0,TRUE,2019-01-12
dtplyr,0.0.1,FALSE,2016-06-27
dtplyr,0.0.2,FALSE,2017-04-21
dtplyr,0.0.3,FALSE,2019-02-25
dtplyr,1.0.0,TRUE,2019-11-12
dtplyr,1.0.1,FALSE,2020-01-23
dtplyr,0.0.1,FALSE,2016-06-27
dtplyr,0.0.2,FALSE,2017-04-21
dtplyr,0.0.3,FALSE,2019-02-25
dtplyr,1.0.0,TRUE,2019-11-12
dtplyr,1.0.1,FALSE,2020-01-23
gtable,0.1.1,FALSE,2012-09-04
gtable,0.1.2,FALSE,2012-12-05
gtable,0.2.0,TRUE,2016-02-26
gtable,0.3.0,TRUE,2019-03-25
gtable,0.1.1,FALSE,2012-09-04
gtable,0.1.2,FALSE,2012-12-05
gtable,0.2.0,TRUE,2016-02-26
gtable,0.3.0,TRUE,2019-03-25
purrrlyr,0.0.1,FALSE,2017-04-29
purrrlyr,0.0.2,FALSE,2017-05-13
purrrlyr,0.0.3,FALSE,2018-05-29
purrrlyr,0.0.4,FALSE,2019-02-15
purrrlyr,0.0.5,FALSE,2019-03-16
purrrlyr,0.0.6,FALSE,2020-05-02
rvest,0.1.0,TRUE,2014-11-21
rvest,0.2.0,TRUE,2015-01-01
rvest,0.3.0,TRUE,2015-09-22
rvest,0.3.1,FALSE,2015-11-11
rvest,0.3.2,FALSE,2016-06-17
rvest,0.3.3,FALSE,2019-04-11
rvest,0.3.4,FALSE,2019-05-15
rvest,0.3.5,FALSE,2019-11-09
rvest,0.3.6,FALSE,2020-07-25
rvest,0.1.0,TRUE,2014-11-21
rvest,0.2.0,TRUE,2015-01-01
rvest,0.3.0,TRUE,2015-09-22
rvest,0.3.1,FALSE,2015-11-11
rvest,0.3.2,FALSE,2016-06-17
rvest,0.3.3,FALSE,2019-04-11
rvest,0.3.4,FALSE,2019-05-15
rvest,0.3.5,FALSE,2019-11-09
rvest,0.3.6,FALSE,2020-07-25
assertthat,0.1,TRUE,2013-12-05
assertthat,0.2.0,TRUE,2017-04-11
assertthat,0.2.1,FALSE,2019-03-21
plyr,0.1,TRUE,2008-09-30
plyr,0.1.1,FALSE,2008-10-08
plyr,0.1.2,FALSE,2008-11-18
plyr,0.1.3,FALSE,2008-11-19
plyr,0.1.4,FALSE,2008-12-13
plyr,0.1.5,FALSE,2009-02-24
plyr,0.1.6,FALSE,2009-04-15
plyr,0.1.7,FALSE,2009-04-15
plyr,0.1.8,FALSE,2009-04-21
plyr,0.1.9,FALSE,2009-06-23
plyr,1.0,TRUE,2010-07-05
plyr,1.0.1,FALSE,2010-07-06
plyr,1.0.2,FALSE,2010-07-06
plyr,1.0.3,FALSE,2010-07-07
plyr,1.1,TRUE,2010-07-24
plyr,1.2,TRUE,2010-09-10
plyr,1.2.1,FALSE,2010-09-11
plyr,1.4,TRUE,2011-01-04
plyr,1.4.1,FALSE,2011-04-05
plyr,1.5,TRUE,2011-04-10
plyr,1.5.1,FALSE,2011-04-13
plyr,1.5.2,FALSE,2011-04-24
plyr,1.6,TRUE,2011-07-29
plyr,1.7,TRUE,2011-12-30
plyr,1.7.1,FALSE,2012-01-08
plyr,1.8,TRUE,2012-12-06
plyr,1.8.1,FALSE,2014-02-26
plyr,1.8.2,FALSE,2015-04-21
plyr,1.8.3,FALSE,2015-06-12
plyr,1.8.4,FALSE,2016-06-08
plyr,1.8.5,FALSE,2019-12-10
plyr,1.8.6,FALSE,2020-03-03
gapminder,0.1.0,TRUE,2015-03-17
gapminder,0.2.0,TRUE,2015-12-30
gapminder,0.3.0,TRUE,2017-10-31
repurrrsive,0.1.0,TRUE,2017-09-08
repurrrsive,1.0.0,TRUE,2019-07-15
gmailr,0.0.1,FALSE,2014-07-26
gmailr,0.5.0,TRUE,2014-09-18
gmailr,0.6.0,TRUE,2014-12-04
gmailr,0.7.1,FALSE,2016-04-11
gmailr,1.0.0,TRUE,2019-08-23
gmailr,0.0.1,FALSE,2014-07-26
gmailr,0.5.0,TRUE,2014-09-18
gmailr,0.6.0,TRUE,2014-12-04
gmailr,0.7.1,FALSE,2016-04-11
gmailr,1.0.0,TRUE,2019-08-23
lintr,0.2.0,TRUE,2014-12-01
lintr,0.3.1,FALSE,2015-09-03
lintr,0.3.2,FALSE,2015-09-08
lintr,0.3.3,FALSE,2015-09-15
lintr,1.0.0,TRUE,2016-04-15
lintr,1.0.1,FALSE,2017-08-10
lintr,1.0.2,FALSE,2017-11-08
lintr,1.0.3,FALSE,2018-11-08
lintr,2.0.0,TRUE,2019-10-01
lintr,2.0.1,FALSE,2020-02-19
prettyunits,1.0.0,TRUE,2014-10-13
prettyunits,1.0.2,FALSE,2015-07-12
prettyunits,1.1.0,TRUE,2020-01-09
prettyunits,1.1.1,FALSE,2020-01-24
prettyunits,1.0.0,TRUE,2014-10-13
prettyunits,1.0.2,FALSE,2015-07-12
prettyunits,1.1.0,TRUE,2020-01-09
prettyunits,1.1.1,FALSE,2020-01-24
secret,1.0.0,TRUE,2017-06-17
secret,1.1.0,TRUE,2020-05-07
caret,2.27,TRUE,2007-10-05
caret,2.29,TRUE,2007-10-09
caret,3.08,TRUE,2007-11-29
caret,3.12,TRUE,2008-02-27
caret,3.13,TRUE,2008-03-02
caret,3.16,TRUE,2008-03-28
caret,3.21,TRUE,2008-06-11
caret,3.25,TRUE,2008-07-12
caret,3.32,TRUE,2008-08-01
caret,3.37,TRUE,2008-09-05
caret,3.45,TRUE,2008-10-19
caret,3.51,TRUE,2008-12-06
caret,4.05,TRUE,2009-01-23
caret,4.06,TRUE,2009-01-25
caret,4.08,TRUE,2009-02-19
caret,4.10,TRUE,2009-03-27
caret,4.11,TRUE,2009-04-29
caret,4.12,TRUE,2009-05-08
caret,4.15,TRUE,2009-05-13
caret,4.16,TRUE,2009-05-24
caret,4.17,TRUE,2009-06-05
caret,4.18,TRUE,2009-06-18
caret,4.19,TRUE,2009-07-01
caret,4.20,TRUE,2009-08-25
caret,4.23,TRUE,2009-09-28
caret,4.24,TRUE,2009-09-30
caret,4.25,TRUE,2009-10-06
caret,4.26,TRUE,2009-10-28
caret,4.27,TRUE,2009-11-05
caret,4.30,TRUE,2009-11-09
caret,4.31,TRUE,2009-12-09
caret,4.33,TRUE,2010-03-01
caret,4.34,TRUE,2010-03-18
caret,4.36,TRUE,2010-04-18
caret,4.37,TRUE,2010-04-19
caret,4.39,TRUE,2010-05-16
caret,4.41,TRUE,2010-05-22
caret,4.42,TRUE,2010-06-11
caret,4.43,TRUE,2010-07-01
caret,4.44,TRUE,2010-07-24
caret,4.45,TRUE,2010-07-28
caret,4.47,TRUE,2010-08-05
caret,4.48,TRUE,2010-08-08
caret,4.49,TRUE,2010-08-09
caret,4.51,TRUE,2010-08-11
caret,4.53,TRUE,2010-08-17
caret,4.54,TRUE,2010-08-18
caret,4.57,TRUE,2010-08-26
caret,4.58,TRUE,2010-08-29
caret,4.59,TRUE,2010-09-01
caret,4.60,TRUE,2010-09-03
caret,4.61,TRUE,2010-09-06
caret,4.62,TRUE,2010-09-10
caret,4.63,TRUE,2010-09-29
caret,4.64,TRUE,2010-10-07
caret,4.65,TRUE,2010-10-09
caret,4.67,TRUE,2010-10-14
caret,4.68,TRUE,2010-10-23
caret,4.69,TRUE,2010-10-29
caret,4.70,TRUE,2010-11-10
caret,4.72,TRUE,2010-12-18
caret,4.73,TRUE,2010-12-22
caret,4.75,TRUE,2011-01-03
caret,4.76,TRUE,2011-01-08
caret,4.77,TRUE,2011-01-23
caret,4.78,TRUE,2011-02-09
caret,4.83,TRUE,2011-04-01
caret,4.85,TRUE,2011-04-03
caret,4.87,TRUE,2011-04-28
caret,4.88,TRUE,2011-04-30
caret,4.89,TRUE,2011-05-28
caret,4.90,TRUE,2011-06-02
caret,4.91,TRUE,2011-06-09
caret,4.92,TRUE,2011-07-06
caret,4.98,TRUE,2011-07-26
caret,4.99,TRUE,2011-09-02
caret,5.01-001,TRUE,2011-09-02
caret,5.02-011,TRUE,2011-09-19
caret,5.03-003,TRUE,2011-09-24
caret,5.04-007,TRUE,2011-09-26
caret,5.05.004,FALSE,2011-10-11
caret,5.07-001,TRUE,2011-10-23
caret,5.07-005,TRUE,2011-11-08
caret,5.07-024,TRUE,2011-11-14
caret,5.08-011,TRUE,2011-11-25
caret,5.09-006,TRUE,2011-12-07
caret,5.09-012,TRUE,2011-12-11
caret,5.10-13,TRUE,2012-01-04
caret,5.11-06,TRUE,2012-01-13
caret,5.12-04,TRUE,2012-01-15
caret,5.13-20,TRUE,2012-02-06
caret,5.13-037,TRUE,2012-02-17
caret,5.14-023,TRUE,2012-02-23
caret,5.15-023,TRUE,2012-03-20
caret,5.15-044,TRUE,2012-10-03
caret,5.15-045,TRUE,2012-11-27
caret,5.15-048,TRUE,2012-12-21
caret,5.15-052,TRUE,2013-01-17
caret,5.15-61,TRUE,2013-02-12
caret,5.16-04,TRUE,2013-05-17
caret,5.16-24,TRUE,2013-06-20
caret,5.17-7,TRUE,2013-08-05
caret,6.0-21,TRUE,2014-01-03
caret,6.0-22,TRUE,2014-01-18
caret,6.0-24,TRUE,2014-02-16
caret,6.0-29,TRUE,2014-05-28
caret,6.0-30,TRUE,2014-06-04
caret,6.0-34,TRUE,2014-08-15
caret,6.0-35,TRUE,2014-08-24
caret,6.0-37,TRUE,2014-11-10
caret,6.0-41,TRUE,2015-01-03
caret,6.0-47,TRUE,2015-05-06
caret,6.0-52,TRUE,2015-07-17
caret,6.0-57,TRUE,2015-10-11
caret,6.0-58,TRUE,2015-10-22
caret,6.0-62,TRUE,2015-11-23
caret,6.0-64,TRUE,2016-01-06
caret,6.0-68,TRUE,2016-04-11
caret,6.0-70,TRUE,2016-06-13
caret,6.0-71,TRUE,2016-08-05
caret,6.0-72,TRUE,2016-11-01
caret,6.0-73,TRUE,2016-11-10
caret,6.0-76,TRUE,2017-04-18
caret,6.0-77,TRUE,2017-09-07
caret,6.0-78,TRUE,2017-12-10
caret,6.0-79,TRUE,2018-03-29
caret,6.0-80,TRUE,2018-05-26
caret,6.0-81,TRUE,2018-11-20
caret,6.0-82,TRUE,2019-03-26
caret,6.0-83,TRUE,2019-04-18
caret,6.0-84,TRUE,2019-04-27
caret,6.0-85,TRUE,2020-01-07
caret,6.0-86,TRUE,2020-03-20
recipes,0.1.0,TRUE,2017-07-27
recipes,0.1.1,FALSE,2017-11-20
recipes,0.1.2,FALSE,2018-01-11
recipes,0.1.3,FALSE,2018-06-16
recipes,0.1.4,FALSE,2018-11-19
recipes,0.1.5,FALSE,2019-03-21
recipes,0.1.6,FALSE,2019-07-02
recipes,0.1.7,FALSE,2019-09-15
recipes,0.1.8,FALSE,2019-12-18
recipes,0.1.9,FALSE,2020-01-07
recipes,0.1.10,FALSE,2020-03-18
recipes,0.1.11,FALSE,2020-04-30
recipes,0.1.12,FALSE,2020-05-01
recipes,0.1.13,FALSE,2020-06-23
recipes,0.1.14,FALSE,2020-10-17
recipes,0.1.0,TRUE,2017-07-27
recipes,0.1.1,FALSE,2017-11-20
recipes,0.1.2,FALSE,2018-01-11
recipes,0.1.3,FALSE,2018-06-16
recipes,0.1.4,FALSE,2018-11-19
recipes,0.1.5,FALSE,2019-03-21
recipes,0.1.6,FALSE,2019-07-02
recipes,0.1.7,FALSE,2019-09-15
recipes,0.1.8,FALSE,2019-12-18
recipes,0.1.9,FALSE,2020-01-07
recipes,0.1.10,FALSE,2020-03-18
recipes,0.1.11,FALSE,2020-04-30
recipes,0.1.12,FALSE,2020-05-01
recipes,0.1.13,FALSE,2020-06-23
recipes,0.1.14,FALSE,2020-10-17
rsample,0.0.1,FALSE,2017-07-08
rsample,0.0.2,FALSE,2017-11-12
rsample,0.0.3,FALSE,2018-11-20
rsample,0.0.4,FALSE,2019-01-07
rsample,0.0.5,FALSE,2019-07-12
rsample,0.0.6,FALSE,2020-03-31
rsample,0.0.7,FALSE,2020-06-04
rsample,0.0.8,FALSE,2020-09-23
rsample,0.0.1,FALSE,2017-07-08
rsample,0.0.2,FALSE,2017-11-12
rsample,0.0.3,FALSE,2018-11-20
rsample,0.0.4,FALSE,2019-01-07
rsample,0.0.5,FALSE,2019-07-12
rsample,0.0.6,FALSE,2020-03-31
rsample,0.0.7,FALSE,2020-06-04
rsample,0.0.8,FALSE,2020-09-23
yardstick,0.0.1,FALSE,2017-11-12
yardstick,0.0.2,FALSE,2018-11-05
yardstick,0.0.3,FALSE,2019-03-08
yardstick,0.0.4,FALSE,2019-08-27
yardstick,0.0.5,FALSE,2020-01-23
yardstick,0.0.6,FALSE,2020-03-17
yardstick,0.0.7,FALSE,2020-07-13
yardstick,0.0.1,FALSE,2017-11-12
yardstick,0.0.2,FALSE,2018-11-05
yardstick,0.0.3,FALSE,2019-03-08
yardstick,0.0.4,FALSE,2019-08-27
yardstick,0.0.5,FALSE,2020-01-23
yardstick,0.0.6,FALSE,2020-03-17
yardstick,0.0.7,FALSE,2020-07-13
AmesHousing,0.0.2,FALSE,2017-09-26
AmesHousing,0.0.3,FALSE,2017-12-17
AmesHousing,0.0.4,FALSE,2020-06-23
tidyposterior,0.0.1,FALSE,2017-11-14
tidyposterior,0.0.2,FALSE,2018-11-15
tidyposterior,0.0.3,FALSE,2020-06-11
tidyposterior,0.0.1,FALSE,2017-11-14
tidyposterior,0.0.2,FALSE,2018-11-15
tidyposterior,0.0.3,FALSE,2020-06-11
Cubist,0.0.5,FALSE,2011-04-27
Cubist,0.0.6,FALSE,2011-04-30
Cubist,0.0.7,FALSE,2011-06-02
Cubist,0.0.8,FALSE,2011-06-22
Cubist,0.0.11,FALSE,2012-02-15
Cubist,0.0.12,FALSE,2012-02-29
Cubist,0.0.13,FALSE,2013-01-31
Cubist,0.0.15,FALSE,2014-01-16
Cubist,0.0.18,FALSE,2014-06-07
Cubist,0.0.19,FALSE,2016-12-11
Cubist,0.2.0,TRUE,2017-11-28
Cubist,0.2.1,FALSE,2017-12-01
Cubist,0.2.2,FALSE,2018-05-21
Cubist,0.2.3,FALSE,2020-01-10
vdiffr,0.1.0,TRUE,2016-11-08
vdiffr,0.1.1,FALSE,2016-11-15
vdiffr,0.2.0,TRUE,2017-08-03
vdiffr,0.2.1,FALSE,2017-10-09
vdiffr,0.2.2,FALSE,2018-02-01
vdiffr,0.2.3,FALSE,2018-04-27
vdiffr,0.3.0,TRUE,2019-01-02
vdiffr,0.3.1,FALSE,2019-07-10
vdiffr,0.3.2,FALSE,2020-06-06
vdiffr,0.3.2.2,FALSE,2020-07-07
vdiffr,0.3.3,FALSE,2020-10-06
vdiffr,0.1.0,TRUE,2016-11-08
vdiffr,0.1.1,FALSE,2016-11-15
vdiffr,0.2.0,TRUE,2017-08-03
vdiffr,0.2.1,FALSE,2017-10-09
vdiffr,0.2.2,FALSE,2018-02-01
vdiffr,0.2.3,FALSE,2018-04-27
vdiffr,0.3.0,TRUE,2019-01-02
vdiffr,0.3.1,FALSE,2019-07-10
vdiffr,0.3.2,FALSE,2020-06-06
vdiffr,0.3.2.2,FALSE,2020-07-07
vdiffr,0.3.3,FALSE,2020-10-06
ggstance,0.3,TRUE,2016-11-16
ggstance,0.3.1,FALSE,2018-07-20
ggstance,0.3.2,FALSE,2019-06-24
ggstance,0.3.3,FALSE,2019-08-19
ggstance,0.3.4,FALSE,2020-04-02
fontquiver,0.1.0,TRUE,2016-09-04
fontquiver,0.2.0,TRUE,2016-10-27
fontquiver,0.2.1,FALSE,2017-01-31
roxygen2,2.0,TRUE,2011-07-23
roxygen2,2.1,TRUE,2011-07-29
roxygen2,2.2,TRUE,2011-11-12
roxygen2,2.2.1,FALSE,2011-11-19
roxygen2,2.2.2,FALSE,2011-12-01
roxygen2,3.0.0,TRUE,2013-12-06
roxygen2,3.1.0,TRUE,2014-01-29
roxygen2,4.0.0,TRUE,2014-05-02
roxygen2,4.0.1,FALSE,2014-05-17
roxygen2,4.0.2,FALSE,2014-09-02
roxygen2,4.1.0,TRUE,2014-12-13
roxygen2,4.1.1,FALSE,2015-04-15
roxygen2,5.0.0,TRUE,2015-10-28
roxygen2,5.0.1,FALSE,2015-11-10
roxygen2,6.0.0,TRUE,2017-01-31
roxygen2,6.0.1,FALSE,2017-02-06
roxygen2,6.1.0,TRUE,2018-07-27
roxygen2,6.1.1,FALSE,2018-11-07
roxygen2,7.0.0,TRUE,2019-11-12
roxygen2,7.0.1,FALSE,2019-11-22
roxygen2,7.0.2,FALSE,2019-12-02
roxygen2,7.1.0,TRUE,2020-03-11
roxygen2,7.1.1,FALSE,2020-06-27
roxygen2,2.0,TRUE,2011-07-23
roxygen2,2.1,TRUE,2011-07-29
roxygen2,2.2,TRUE,2011-11-12
roxygen2,2.2.1,FALSE,2011-11-19
roxygen2,2.2.2,FALSE,2011-12-01
roxygen2,3.0.0,TRUE,2013-12-06
roxygen2,3.1.0,TRUE,2014-01-29
roxygen2,4.0.0,TRUE,2014-05-02
roxygen2,4.0.1,FALSE,2014-05-17
roxygen2,4.0.2,FALSE,2014-09-02
roxygen2,4.1.0,TRUE,2014-12-13
roxygen2,4.1.1,FALSE,2015-04-15
roxygen2,5.0.0,TRUE,2015-10-28
roxygen2,5.0.1,FALSE,2015-11-10
roxygen2,6.0.0,TRUE,2017-01-31
roxygen2,6.0.1,FALSE,2017-02-06
roxygen2,6.1.0,TRUE,2018-07-27
roxygen2,6.1.1,FALSE,2018-11-07
roxygen2,7.0.0,TRUE,2019-11-12
roxygen2,7.0.1,FALSE,2019-11-22
roxygen2,7.0.2,FALSE,2019-12-02
roxygen2,7.1.0,TRUE,2020-03-11
roxygen2,7.1.1,FALSE,2020-06-27
