pkg,version,major,date,age
blob,1.0.0,TRUE,2016-12-28,644
blob,1.1.0,TRUE,2017-06-17,473
blob,1.1.1,FALSE,2018-03-28,189
dbplyr,1.0.0,TRUE,2017-06-09,481
dbplyr,1.1.0,TRUE,2017-06-27,463
dbplyr,1.2.0,TRUE,2018-01-03,273
dbplyr,1.2.1,FALSE,2018-02-19,226
dbplyr,1.2.2,FALSE,2018-07-25,70
dplyr,0.1,TRUE,2014-01-16,1721
dplyr,0.1.1,FALSE,2014-01-29,1708
dplyr,0.1.2,FALSE,2014-02-24,1682
dplyr,0.1.3,FALSE,2014-03-14,1664
dplyr,0.2,TRUE,2014-05-21,1596
dplyr,0.3,TRUE,2014-10-04,1460
dplyr,0.3.0.1,TRUE,2014-10-07,1457
dplyr,0.3.0.2,TRUE,2014-10-11,1453
dplyr,0.4.0,TRUE,2015-01-08,1364
dplyr,0.4.1,FALSE,2015-01-14,1358
dplyr,0.4.2,FALSE,2015-06-16,1205
dplyr,0.4.3,FALSE,2015-09-01,1128
dplyr,0.5.0,TRUE,2016-06-24,831
dplyr,0.7.0,TRUE,2017-06-09,481
dplyr,0.7.1,FALSE,2017-06-22,468
dplyr,0.7.2,FALSE,2017-07-20,440
dplyr,0.7.3,FALSE,2017-09-09,389
dplyr,0.7.4,FALSE,2017-09-28,370
dplyr,0.7.5,FALSE,2018-05-19,137
dplyr,0.7.6,FALSE,2018-06-29,96
forcats,0.1.0,TRUE,2016-08-29,765
forcats,0.1.1,FALSE,2016-09-15,748
forcats,0.2.0,TRUE,2017-01-25,616
forcats,0.3.0,TRUE,2018-02-19,226
ggplot2,0.5,TRUE,2007-06-01,4142
ggplot2,0.5.1,FALSE,2007-06-10,4133
ggplot2,0.5.2,FALSE,2007-06-18,4125
ggplot2,0.5.4,FALSE,2007-07-08,4105
ggplot2,0.5.5,FALSE,2007-09-01,4050
ggplot2,0.5.6,FALSE,2007-10-20,4001
ggplot2,0.5.7,FALSE,2008-01-11,3918
ggplot2,0.6,TRUE,2008-04-03,3835
ggplot2,0.7,TRUE,2008-10-05,3650
ggplot2,0.8,TRUE,2008-11-21,3603
ggplot2,0.8.1,FALSE,2008-12-14,3580
ggplot2,0.8.2,FALSE,2009-02-25,3507
ggplot2,0.8.3,FALSE,2009-04-20,3453
ggplot2,0.8.4,FALSE,2009-12-09,3220
ggplot2,0.8.5,FALSE,2009-12-16,3213
ggplot2,0.8.6,FALSE,2010-02-18,3149
ggplot2,0.8.7,FALSE,2010-03-02,3137
ggplot2,0.8.8,FALSE,2010-07-05,3012
ggplot2,0.8.9,FALSE,2010-12-23,2841
ggplot2,0.9.0,TRUE,2012-03-01,2407
ggplot2,0.9.1,FALSE,2012-05-07,2340
ggplot2,0.9.2,FALSE,2012-09-04,2220
ggplot2,0.9.2.1,FALSE,2012-09-11,2213
ggplot2,0.9.3,FALSE,2012-12-05,2128
ggplot2,0.9.3.1,FALSE,2013-03-02,2041
ggplot2,1.0.0,TRUE,2014-05-21,1596
ggplot2,1.0.1,FALSE,2015-03-17,1296
ggplot2,2.0.0,TRUE,2015-12-18,1020
ggplot2,2.1.0,TRUE,2016-03-01,946
ggplot2,2.2.0,TRUE,2016-11-11,691
ggplot2,2.2.1,FALSE,2016-12-30,642
ggplot2,3.0.0,TRUE,2018-07-03,92
glue,1.0.0,TRUE,2017-04-17,534
glue,1.1.0,TRUE,2017-06-13,477
glue,1.1.1,FALSE,2017-06-21,469
glue,1.2.0,TRUE,2017-10-29,339
glue,1.3.0,TRUE,2018-07-17,78
googledrive,0.1.1,FALSE,2017-08-28,401
haven,0.1.0,TRUE,2015-03-01,1312
haven,0.1.1,FALSE,2015-03-03,1310
haven,0.2.0,TRUE,2015-04-08,1274
haven,0.2.1,FALSE,2016-07-19,806
haven,1.0.0,TRUE,2016-09-23,740
haven,1.1.0,TRUE,2017-07-09,451
haven,1.1.1,FALSE,2018-01-18,258
haven,1.1.2,FALSE,2018-06-27,98
hms,0.1,TRUE,2016-05-02,884
hms,0.2,TRUE,2016-06-17,838
hms,0.3,TRUE,2016-11-22,680
hms,0.4.0,TRUE,2017-11-23,314
hms,0.4.1,FALSE,2018-01-24,252
hms,0.4.2,FALSE,2018-03-10,207
lubridate,0.1,TRUE,2010-08-15,2971
lubridate,0.2,TRUE,2010-10-26,2899
lubridate,0.2.1,FALSE,2010-11-03,2891
lubridate,0.2.2,FALSE,2010-11-17,2877
lubridate,0.2.3,FALSE,2010-12-09,2855
lubridate,0.2.4,FALSE,2011-04-05,2738
lubridate,0.2.5,FALSE,2011-05-12,2701
lubridate,0.2.6,FALSE,2012-01-10,2458
lubridate,1.1.0,TRUE,2012-03-05,2403
lubridate,1.2.0,TRUE,2012-10-04,2190
lubridate,1.3.0,TRUE,2013-09-20,1839
lubridate,1.3.1,FALSE,2013-10-31,1798
lubridate,1.3.2,FALSE,2013-12-05,1763
lubridate,1.3.3,FALSE,2013-12-31,1737
lubridate,1.5.0,TRUE,2015-12-02,1036
lubridate,1.5.6,FALSE,2016-04-06,910
lubridate,1.6.0,TRUE,2016-09-13,750
lubridate,1.7.0,TRUE,2017-10-29,339
lubridate,1.7.1,FALSE,2017-11-03,334
lubridate,1.7.2,FALSE,2018-02-06,239
lubridate,1.7.3,FALSE,2018-02-27,218
lubridate,1.7.4,FALSE,2018-04-11,175
magrittr,1.0.0,TRUE,2014-02-25,1681
magrittr,1.0.1,FALSE,2014-05-15,1602
magrittr,1.5,TRUE,2014-11-22,1411
modelr,0.1.0,TRUE,2016-08-31,763
modelr,0.1.1,FALSE,2017-07-24,436
modelr,0.1.2,FALSE,2018-05-11,145
purrr,0.1.0,TRUE,2015-09-28,1101
purrr,0.2.0,TRUE,2016-01-04,1003
purrr,0.2.1,FALSE,2016-02-12,964
purrr,0.2.2,FALSE,2016-06-18,837
purrr,0.2.2.2,FALSE,2017-05-11,510
purrr,0.2.3,FALSE,2017-08-02,427
purrr,0.2.4,FALSE,2017-10-18,350
purrr,0.2.5,FALSE,2018-05-29,127
readr,0.1.0,TRUE,2015-04-08,1274
readr,0.1.1,FALSE,2015-05-29,1223
readr,0.2.0,TRUE,2015-10-19,1080
readr,0.2.1,FALSE,2015-10-21,1078
readr,0.2.2,FALSE,2015-10-22,1077
readr,1.0.0,TRUE,2016-08-03,791
readr,1.1.0,TRUE,2017-03-22,560
readr,1.1.1,FALSE,2017-05-16,505
readxl,0.1.0,TRUE,2015-04-14,1268
readxl,0.1.1,FALSE,2016-03-28,919
readxl,1.0.0,TRUE,2017-04-18,533
readxl,1.1.0,TRUE,2018-04-20,166
reprex,0.1.0,TRUE,2017-01-10,631
reprex,0.1.1,FALSE,2017-01-12,629
reprex,0.1.2,FALSE,2018-01-26,250
reprex,0.2.0,TRUE,2018-06-22,103
reprex,0.2.1,FALSE,2018-09-16,17
stringr,0.1.10,FALSE,2009-11-09,3250
stringr,0.2,TRUE,2009-11-16,3243
stringr,0.3,TRUE,2010-02-15,3152
stringr,0.4,TRUE,2010-08-24,2962
stringr,0.5,TRUE,2011-06-30,2652
stringr,0.6,TRUE,2011-12-08,2491
stringr,0.6.1,FALSE,2012-07-25,2261
stringr,0.6.2,FALSE,2012-12-06,2127
stringr,1.0.0,TRUE,2015-04-30,1252
stringr,1.1.0,TRUE,2016-08-19,775
stringr,1.2.0,TRUE,2017-02-18,592
stringr,1.3.0,TRUE,2018-02-19,226
stringr,1.3.1,FALSE,2018-05-10,146
tibble,1.0,TRUE,2016-03-22,925
tibble,1.1,TRUE,2016-07-04,821
tibble,1.2,TRUE,2016-08-26,768
tibble,1.3.0,TRUE,2017-04-01,550
tibble,1.3.1,FALSE,2017-05-17,504
tibble,1.3.3,FALSE,2017-05-28,493
tibble,1.3.4,FALSE,2017-08-22,407
tibble,1.4.1,FALSE,2017-12-25,282
tibble,1.4.2,FALSE,2018-01-22,254
tidyr,0.1,TRUE,2014-07-21,1535
tidyr,0.2.0,TRUE,2014-12-05,1398
tidyr,0.3.0,TRUE,2015-09-08,1121
tidyr,0.3.1,FALSE,2015-09-10,1119
tidyr,0.4.0,TRUE,2016-01-18,989
tidyr,0.4.1,FALSE,2016-02-05,971
tidyr,0.5.0,TRUE,2016-06-12,843
tidyr,0.5.1,FALSE,2016-06-14,841
tidyr,0.6.0,TRUE,2016-08-12,782
tidyr,0.6.1,FALSE,2017-01-10,631
tidyr,0.6.2,FALSE,2017-05-04,517
tidyr,0.6.3,FALSE,2017-05-15,506
tidyr,0.7.0,TRUE,2017-08-16,413
tidyr,0.7.1,FALSE,2017-09-01,397
tidyr,0.7.2,FALSE,2017-10-16,352
tidyr,0.8.0,TRUE,2018-01-29,247
tidyr,0.8.1,FALSE,2018-05-18,138
tidyselect,0.1.1,FALSE,2017-07-24,436
tidyselect,0.2.0,TRUE,2017-08-30,399
tidyselect,0.2.1,FALSE,2017-10-09,359
tidyselect,0.2.2,FALSE,2017-10-11,357
tidyselect,0.2.3,FALSE,2017-11-06,331
tidyselect,0.2.4,FALSE,2018-02-26,219
tidyverse,1.0.0,TRUE,2016-09-09,754
tidyverse,1.1.0,TRUE,2017-01-20,621
tidyverse,1.1.1,FALSE,2017-01-27,614
tidyverse,1.2.0,TRUE,2017-11-07,330
tidyverse,1.2.1,FALSE,2017-11-14,323
backports,1.0.0,TRUE,2016-02-19,957
backports,1.0.1,FALSE,2016-03-10,937
backports,1.0.2,FALSE,2016-03-18,929
backports,1.0.3,FALSE,2016-06-28,827
backports,1.0.4,FALSE,2016-10-24,709
backports,1.0.5,FALSE,2017-01-18,623
backports,1.1.0,TRUE,2017-05-22,499
backports,1.1.1,FALSE,2017-09-25,373
backports,1.1.2,FALSE,2017-12-13,294
bench,1.0.0,TRUE,2018-05-27,129
bench,1.0.1,FALSE,2018-06-06,119
callr,1.0.0,TRUE,2016-06-18,837
callr,2.0.0,TRUE,2018-01-28,248
callr,2.0.1,FALSE,2018-01-30,246
callr,2.0.2,FALSE,2018-02-11,234
callr,2.0.3,FALSE,2018-04-11,175
callr,2.0.4,FALSE,2018-05-15,141
callr,3.0.0,TRUE,2018-08-24,40
cli,1.0.0,TRUE,2017-11-05,332
cli,1.0.1,FALSE,2018-09-25,8
clisymbols,1.0.0,TRUE,2015-06-08,1213
clisymbols,1.1.0,TRUE,2017-01-27,614
clisymbols,1.2.0,TRUE,2017-05-21,500
conf,1.0,TRUE,2018-03-02,215
conf,1.1,TRUE,2018-04-28,158
conf,1.2,TRUE,2018-05-14,142
conf,1.3,TRUE,2018-07-16,79
conf,1.3.1,FALSE,2018-07-23,72
conf,1.3.2,FALSE,2018-09-10,23
conf,1.3.3,FALSE,2018-09-14,19
conflicted,0.1.0,TRUE,2018-05-31,125
conflicted,1.0.0,TRUE,2018-09-15,18
conflicted,1.0.1,FALSE,2018-10-02,1
covr,1.0.0,TRUE,2015-05-20,1232
covr,1.2.0,TRUE,2015-06-25,1196
covr,2.0.1,FALSE,2016-04-06,910
covr,2.1.0,TRUE,2016-06-21,834
covr,2.2.0,TRUE,2016-08-03,791
covr,2.2.1,FALSE,2016-08-10,784
covr,2.2.2,FALSE,2017-01-05,636
covr,3.0.0,TRUE,2017-06-26,464
covr,3.0.1,FALSE,2017-11-07,330
covr,3.1.0,TRUE,2018-05-18,138
covr,3.2.0,TRUE,2018-09-21,12
crayon,1.0.0,TRUE,2014-09-23,1471
crayon,1.1.0,TRUE,2014-10-15,1449
crayon,1.2.0,TRUE,2015-04-08,1274
crayon,1.2.1,FALSE,2015-05-17,1235
crayon,1.3.0,TRUE,2015-06-05,1216
crayon,1.3.1,FALSE,2015-07-12,1179
crayon,1.3.2,FALSE,2016-06-28,827
crayon,1.3.4,FALSE,2017-09-16,382
debugme,1.0.1,FALSE,2016-11-01,701
debugme,1.0.2,FALSE,2017-03-01,581
debugme,1.1.0,TRUE,2017-10-22,346
desc,1.0.0,TRUE,2016-05-13,873
desc,1.0.1,FALSE,2016-09-22,741
desc,1.1.0,TRUE,2017-01-27,614
desc,1.1.1,FALSE,2017-08-03,426
desc,1.2.0,TRUE,2018-05-01,155
devtools,0.1,TRUE,2011-06-22,2660
devtools,0.2,TRUE,2011-06-29,2653
devtools,0.3,TRUE,2011-06-30,2652
devtools,0.4,TRUE,2011-07-23,2629
devtools,0.5,TRUE,2011-12-04,2495
devtools,0.5.1,FALSE,2011-12-07,2492
devtools,0.6,TRUE,2012-02-28,2409
devtools,0.7,TRUE,2012-06-19,2297
devtools,0.7.1,FALSE,2012-07-02,2284
devtools,0.8,TRUE,2012-09-14,2210
devtools,1.0,TRUE,2013-01-22,2080
devtools,1.1,TRUE,2013-02-09,2062
devtools,1.2,TRUE,2013-04-17,1995
devtools,1.3,TRUE,2013-07-04,1917
devtools,1.4,TRUE,2013-11-20,1778
devtools,1.4.1,FALSE,2013-11-27,1771
devtools,1.5,TRUE,2014-04-07,1640
devtools,1.6,TRUE,2014-09-22,1472
devtools,1.6.1,FALSE,2014-10-07,1457
devtools,1.7.0,TRUE,2015-01-17,1355
devtools,1.8.0,TRUE,2015-05-09,1243
devtools,1.9.1,FALSE,2015-09-11,1118
devtools,1.10.0,TRUE,2016-01-23,984
devtools,1.11.0,TRUE,2016-04-12,904
devtools,1.11.1,FALSE,2016-04-21,895
devtools,1.12.0,TRUE,2016-06-24,831
devtools,1.13.0,TRUE,2017-05-08,513
devtools,1.13.1,FALSE,2017-05-13,508
devtools,1.13.2,FALSE,2017-06-02,488
devtools,1.13.3,FALSE,2017-08-02,427
devtools,1.13.4,FALSE,2017-11-09,328
devtools,1.13.5,FALSE,2018-02-18,227
devtools,1.13.6,FALSE,2018-06-27,98
evaluate,0.1,TRUE,2010-07-24,2993
evaluate,0.3,TRUE,2010-08-31,2955
evaluate,0.4,TRUE,2011-11-03,2526
evaluate,0.4.1,FALSE,2012-01-03,2465
evaluate,0.4.1.1,FALSE,2012-04-02,2375
evaluate,0.4.2,FALSE,2012-04-03,2374
evaluate,0.4.3,FALSE,2012-12-04,2129
evaluate,0.4.4,FALSE,2013-07-01,1920
evaluate,0.4.7,FALSE,2013-08-10,1880
evaluate,0.5,TRUE,2013-09-28,1831
evaluate,0.5.1,FALSE,2013-09-30,1829
evaluate,0.5.3,FALSE,2014-03-29,1649
evaluate,0.5.5,FALSE,2014-04-29,1618
evaluate,0.6,TRUE,2015-04-14,1268
evaluate,0.7,TRUE,2015-04-21,1261
evaluate,0.7.2,FALSE,2015-08-13,1147
evaluate,0.8,TRUE,2015-09-18,1111
evaluate,0.8.3,FALSE,2016-03-04,943
evaluate,0.9,TRUE,2016-04-29,887
evaluate,0.10,TRUE,2016-10-11,722
evaluate,0.10.1,FALSE,2017-06-24,466
evaluate,0.11,TRUE,2018-07-17,78
filelock,1.0.1,FALSE,2018-02-07,238
fs,1.0.0,TRUE,2018-01-19,257
fs,1.1.0,TRUE,2018-01-26,250
fs,1.2.0,TRUE,2018-03-13,204
fs,1.2.1,FALSE,2018-03-20,197
fs,1.2.2,FALSE,2018-03-21,196
fs,1.2.3,FALSE,2018-06-08,117
fs,1.2.4,FALSE,2018-07-26,69
fs,1.2.5,FALSE,2018-07-30,65
fs,1.2.6,FALSE,2018-08-23,41
gh,1.0.1,FALSE,2017-07-16,444
here,0.1,TRUE,2017-05-28,493
httr,0.1,TRUE,2012-05-06,2341
httr,0.1.1,FALSE,2012-06-19,2297
httr,0.2,TRUE,2012-10-11,2183
httr,0.3,TRUE,2014-03-19,1659
httr,0.4,TRUE,2014-07-28,1528
httr,0.5,TRUE,2014-09-02,1492
httr,0.6.0,TRUE,2014-12-13,1390
httr,0.6.1,FALSE,2014-12-31,1372
httr,1.0.0,TRUE,2015-06-25,1196
httr,1.1.0,TRUE,2016-01-27,980
httr,1.2.0,TRUE,2016-06-14,841
httr,1.2.1,FALSE,2016-07-03,822
httr,1.3.0,TRUE,2017-08-16,413
httr,1.3.1,FALSE,2017-08-20,409
io,0.1,TRUE,2014-06-06,1580
io,0.2,TRUE,2014-12-11,1392
io,0.2.1,FALSE,2014-12-19,1384
io,0.2.2,FALSE,2015-01-08,1364
io,0.2.3,FALSE,2016-04-04,912
io,0.2.4,FALSE,2016-04-14,902
io,0.3.0,TRUE,2018-01-15,261
keyring,1.0.0,TRUE,2017-09-09,389
keyring,1.1.0,TRUE,2018-07-16,79
later,0.3,TRUE,2017-06-25,465
later,0.4,TRUE,2017-08-23,406
later,0.5,TRUE,2017-10-05,363
later,0.6,TRUE,2017-11-04,333
later,0.7.1,FALSE,2018-03-07,210
later,0.7.2,FALSE,2018-05-01,155
later,0.7.3,FALSE,2018-06-08,117
later,0.7.4,FALSE,2018-08-31,33
later,0.7.5,FALSE,2018-09-18,15
liteq,1.0.0,TRUE,2017-01-27,614
liteq,1.0.1,FALSE,2017-10-20,348
memoise,0.1,TRUE,2010-09-03,2952
memoise,0.2.1,FALSE,2014-04-22,1625
memoise,1.0.0,TRUE,2016-01-28,979
memoise,1.1.0,TRUE,2017-04-21,530
pillar,1.0.0,TRUE,2017-11-20,317
pillar,1.0.1,FALSE,2017-11-27,310
pillar,1.1.0,TRUE,2018-01-14,262
pillar,1.2.0,TRUE,2018-02-26,219
pillar,1.2.1,FALSE,2018-02-27,218
pillar,1.2.2,FALSE,2018-04-26,160
pillar,1.2.3,FALSE,2018-05-25,131
pillar,1.3.0,TRUE,2018-07-14,81
pingr,1.0.0,TRUE,2014-09-22,1472
pingr,1.1.0,TRUE,2014-10-06,1458
pingr,1.1.2,FALSE,2017-03-02,580
pkgbuild,1.0.0,TRUE,2018-06-27,98
pkgbuild,1.0.1,FALSE,2018-09-18,15
pkgconfig,1.0.0,TRUE,2015-07-13,1178
pkgconfig,2.0.0,TRUE,2015-07-18,1173
pkgconfig,2.0.1,FALSE,2017-03-21,561
pkgconfig,2.0.2,FALSE,2018-08-16,48
pkgdown,1.0.0,TRUE,2018-05-03,153
pkgdown,1.1.0,TRUE,2018-06-02,123
pkgload,1.0.0,TRUE,2018-07-07,88
prettycode,1.0.0,TRUE,2017-01-27,614
prettycode,1.0.1,FALSE,2017-12-12,295
prettycode,1.0.2,FALSE,2018-09-11,22
processx,2.0.0,TRUE,2017-05-30,491
processx,2.0.0.1,TRUE,2017-07-30,430
processx,3.0.3,FALSE,2018-05-07,149
processx,3.1.0,TRUE,2018-05-15,141
processx,3.2.0,TRUE,2018-08-16,48
progress,1.0.1,FALSE,2015-05-30,1222
progress,1.0.2,FALSE,2015-06-04,1217
progress,1.1.1,FALSE,2016-12-13,659
progress,1.1.2,FALSE,2016-12-14,658
progress,1.2.0,TRUE,2018-06-14,111
ps,1.0.0,TRUE,2018-07-22,73
ps,1.1.0,TRUE,2018-08-10,54
R6,1.0.1,FALSE,2014-07-17,1539
R6,2.0,TRUE,2014-08-19,1506
R6,2.0.1,FALSE,2014-10-29,1435
R6,2.1.0,TRUE,2015-07-03,1188
R6,2.1.1,FALSE,2015-08-18,1142
R6,2.1.2,FALSE,2016-01-25,982
R6,2.1.3,FALSE,2016-08-19,775
R6,2.2.0,TRUE,2016-10-07,726
R6,2.2.1,FALSE,2017-05-10,511
R6,2.2.2,FALSE,2017-06-17,473
rappdirs,0.3,TRUE,2014-09-02,1492
rappdirs,0.3.1,FALSE,2016-03-28,919
rcmdcheck,1.0.0,TRUE,2016-03-28,919
rcmdcheck,1.1.0,TRUE,2016-04-16,900
rcmdcheck,1.2.1,FALSE,2016-09-28,735
rcmdcheck,1.3.0,TRUE,2018-09-19,14
rematch2,2.0.1,FALSE,2017-06-20,470
remotes,1.0.0,TRUE,2016-09-09,754
remotes,1.1.0,TRUE,2017-07-09,451
remotes,1.1.1,FALSE,2017-12-21,286
rlang,0.1,TRUE,2017-05-06,515
rlang,0.1.1,FALSE,2017-05-18,503
rlang,0.1.2,FALSE,2017-08-09,420
rlang,0.1.4,FALSE,2017-11-05,332
rlang,0.1.6,FALSE,2017-12-21,286
rlang,0.2.0,TRUE,2018-02-20,225
rlang,0.2.1,FALSE,2018-05-30,126
rlang,0.2.2,FALSE,2018-08-16,48
rprojroot,1.0,TRUE,2016-03-26,921
rprojroot,1.0-1,TRUE,2016-03-27,920
rprojroot,1.0-2,TRUE,2016-03-28,919
rprojroot,1.1,TRUE,2016-10-29,704
rprojroot,1.2,TRUE,2017-01-16,625
rprojroot,1.3-1,TRUE,2017-12-18,289
rprojroot,1.3-2,TRUE,2018-01-03,273
scales,0.1.0,TRUE,2011-09-22,2568
scales,0.2.0,TRUE,2012-02-27,2410
scales,0.2.1,FALSE,2012-05-08,2339
scales,0.2.2,FALSE,2012-09-04,2220
scales,0.2.3,FALSE,2012-12-05,2128
scales,0.2.4,FALSE,2014-04-22,1625
scales,0.2.5,FALSE,2015-06-12,1209
scales,0.3.0,TRUE,2015-08-24,1136
scales,0.4.0,TRUE,2016-02-26,950
scales,0.4.1,FALSE,2016-11-09,693
scales,0.5.0,TRUE,2017-08-24,405
scales,1.0.0,TRUE,2018-08-09,55
scales,0.1.0,TRUE,2011-09-22,2568
scales,0.2.0,TRUE,2012-02-27,2410
scales,0.2.1,FALSE,2012-05-08,2339
scales,0.2.2,FALSE,2012-09-04,2220
scales,0.2.3,FALSE,2012-12-05,2128
scales,0.2.4,FALSE,2014-04-22,1625
scales,0.2.5,FALSE,2015-06-12,1209
scales,0.3.0,TRUE,2015-08-24,1136
scales,0.4.0,TRUE,2016-02-26,950
scales,0.4.1,FALSE,2016-11-09,693
scales,0.5.0,TRUE,2017-08-24,405
scales,1.0.0,TRUE,2018-08-09,55
sessioninfo,1.0.0,TRUE,2017-06-21,469
sessioninfo,1.1.0,TRUE,2018-09-25,8
showimage,1.0.0,TRUE,2018-01-24,252
styler,1.0.0,TRUE,2017-12-11,296
styler,1.0.1,FALSE,2018-03-08,209
styler,1.0.2,FALSE,2018-06-26,99
svglite,1.0.0,TRUE,2015-12-08,1030
svglite,1.1.0,TRUE,2016-02-09,967
svglite,1.2.0,TRUE,2016-11-03,699
svglite,1.2.1,FALSE,2017-09-11,387
testthat,0.1,TRUE,2009-11-17,3242
testthat,0.1.1,FALSE,2009-11-30,3229
testthat,0.2,TRUE,2010-07-25,2992
testthat,0.3,TRUE,2010-08-31,2955
testthat,0.4,TRUE,2011-03-20,2754
testthat,0.5,TRUE,2011-06-01,2681
testthat,0.6,TRUE,2011-12-30,2469
testthat,0.7,TRUE,2012-06-27,2289
testthat,0.7.1,FALSE,2013-03-27,2016
testthat,0.8,TRUE,2014-02-20,1686
testthat,0.8.1,FALSE,2014-02-21,1685
testthat,0.9,TRUE,2014-09-22,1472
testthat,0.9.1,FALSE,2014-10-01,1463
testthat,0.10.0,TRUE,2015-05-22,1230
testthat,0.11.0,TRUE,2015-10-14,1085
testthat,1.0.0,TRUE,2016-04-14,902
testthat,1.0.1,FALSE,2016-04-21,895
testthat,1.0.2,FALSE,2016-04-23,893
testthat,2.0.0,TRUE,2017-12-13,294
tracer,1.0.0,TRUE,2017-01-28,613
usethis,1.0.0,TRUE,2017-10-22,346
usethis,1.1.0,TRUE,2017-11-17,320
usethis,1.2.0,TRUE,2018-01-19,257
usethis,1.3.0,TRUE,2018-02-24,221
usethis,1.4.0,TRUE,2018-08-14,50
whoami,1.0.0,TRUE,2015-06-09,1212
whoami,1.1.0,TRUE,2015-06-11,1210
whoami,1.1.1,FALSE,2015-07-12,1179
whoami,1.1.2,FALSE,2017-10-20,348
whoami,1.2.0,TRUE,2018-09-11,22
withr,1.0.0,TRUE,NA,NA
withr,1.0.1,FALSE,NA,NA
withr,1.0.2,FALSE,2016-06-20,835
withr,2.0.0,TRUE,2017-07-28,432
withr,2.1.0,TRUE,2017-11-01,336
withr,2.1.1,FALSE,2017-12-19,288
withr,2.1.2,FALSE,2018-03-15,202
xml2,0.1.0,TRUE,2015-04-20,1262
xml2,0.1.1,FALSE,2015-06-02,1219
xml2,0.1.2,FALSE,2015-09-01,1128
xml2,1.0.0,TRUE,2016-06-24,831
xml2,1.1.0,TRUE,2017-01-07,634
xml2,1.1.1,FALSE,2017-01-25,616
xml2,1.2.0,TRUE,2018-01-24,252
xmlparsedata,1.0.0,TRUE,2016-05-20,866
xmlparsedata,1.0.1,FALSE,2016-06-18,837
xmlparsedata,1.0.2,FALSE,2018-09-17,16
xopen,1.0.0,TRUE,2018-09-17,16
zeallot,0.0.2,FALSE,2017-01-27,614
zeallot,0.0.3,FALSE,2017-02-27,583
zeallot,0.0.4,FALSE,2017-07-28,432
zeallot,0.0.5,FALSE,2017-08-25,404
zeallot,0.0.6,FALSE,2017-09-28,370
zeallot,0.1.0,TRUE,2018-01-28,248
zip,1.0.0,TRUE,2017-04-25,526
bigrquery,0.1.0,TRUE,2015-01-13,1359
bigrquery,0.2.0,TRUE,2016-03-03,944
bigrquery,0.3.0,TRUE,2016-06-28,827
bigrquery,0.4.0,TRUE,2017-06-23,467
bigrquery,0.4.1,FALSE,2017-06-26,464
bigrquery,1.0.0,TRUE,2018-04-24,162
DBI,0.1-2,TRUE,2001-12-19,6132
DBI,0.1-3,TRUE,2002-05-20,5980
DBI,0.1-4,TRUE,2002-08-27,5881
DBI,0.1-5,TRUE,2003-04-07,5658
DBI,0.1-6,TRUE,2003-06-16,5588
DBI,0.1-7,TRUE,2003-11-12,5439
DBI,0.1-8,TRUE,2004-04-13,5286
DBI,0.1-9,TRUE,2005-04-07,4927
DBI,0.1-10,TRUE,2006-01-28,4631
DBI,0.1-11,TRUE,2006-10-27,4359
DBI,0.1-12,TRUE,2006-12-04,4321
DBI,0.2-0,TRUE,2007-03-21,4214
DBI,0.2-1,TRUE,2007-03-28,4207
DBI,0.2-2,TRUE,2007-04-15,4189
DBI,0.2-3,TRUE,2007-05-01,4173
DBI,0.2-4,TRUE,2007-10-17,4004
DBI,0.2-5,TRUE,2009-12-22,3207
DBI,0.2-6,TRUE,2013-04-21,1991
DBI,0.2-7,TRUE,2013-05-09,1973
DBI,0.3.0,TRUE,2014-09-02,1492
DBI,0.3.1,FALSE,2014-09-24,1470
DBI,0.4,TRUE,2016-05-02,884
DBI,0.4-1,TRUE,2016-05-08,878
DBI,0.5,TRUE,2016-08-11,783
DBI,0.5-1,TRUE,2016-09-09,754
DBI,0.6,TRUE,2017-03-09,573
DBI,0.6-1,TRUE,2017-04-01,550
DBI,0.7,TRUE,2017-06-18,472
DBI,0.8,TRUE,2018-03-02,215
DBI,1.0.0,TRUE,2018-05-02,154
DBItest,1.2,TRUE,2016-05-24,862
DBItest,1.3,TRUE,2016-07-07,818
DBItest,1.4,TRUE,2016-12-03,669
DBItest,1.5,TRUE,2017-06-19,471
DBItest,1.5-1,TRUE,2017-12-11,296
DBItest,1.5-2,TRUE,2018-01-25,251
odbc,1.0.0,TRUE,2017-02-05,605
odbc,1.0.1,FALSE,2017-02-07,603
odbc,1.1.0,TRUE,2017-06-23,467
odbc,1.1.1,FALSE,2017-06-27,463
odbc,1.1.2,FALSE,2017-10-02,366
odbc,1.1.3,FALSE,2017-10-05,363
odbc,1.1.4,FALSE,2018-01-11,265
odbc,1.1.5,FALSE,2018-01-23,253
odbc,1.1.6,FALSE,2018-06-09,116
RMariaDB,1.0-2,TRUE,2017-10-04,364
RMariaDB,1.0-4,TRUE,2017-12-11,296
RMariaDB,1.0.5,FALSE,2018-04-03,183
RMariaDB,1.0.6,FALSE,2018-05-06,150
RMySQL,0.2,TRUE,2000-02-04,6816
RMySQL,0.2-3,TRUE,2000-10-06,6571
RMySQL,0.4-2,TRUE,2001-03-12,6414
RMySQL,0.4-3,TRUE,2001-11-06,6175
RMySQL,0.4-5,TRUE,2002-05-21,5979
RMySQL,0.4-6,TRUE,2002-06-27,5942
RMySQL,0.5-0,TRUE,2002-10-01,5846
RMySQL,0.5-1,TRUE,2003-04-07,5658
RMySQL,0.5-2,TRUE,2003-05-17,5618
RMySQL,0.5-3,TRUE,2003-12-02,5419
RMySQL,0.5-4,TRUE,2004-04-13,5286
RMySQL,0.5-5,TRUE,2004-06-22,5216
RMySQL,0.5-7,TRUE,2006-01-28,4631
RMySQL,0.5-9,TRUE,2006-10-07,4379
RMySQL,0.5-10,TRUE,2006-10-27,4359
RMySQL,0.5-11,TRUE,2007-01-05,4289
RMySQL,0.6-0,TRUE,2007-06-01,4142
RMySQL,0.6-1,TRUE,2008-09-08,3677
RMySQL,0.7-2,TRUE,2008-12-05,3589
RMySQL,0.7-3,TRUE,2009-02-04,3528
RMySQL,0.7-4,TRUE,2009-04-14,3459
RMySQL,0.7-5,TRUE,2010-07-24,2993
RMySQL,0.8-0,TRUE,2011-06-09,2673
RMySQL,0.9-0,TRUE,2012-01-14,2454
RMySQL,0.9-3,TRUE,2012-01-17,2451
RMySQL,0.10,TRUE,2015-01-05,1367
RMySQL,0.10.1,FALSE,2015-01-15,1357
RMySQL,0.10.2,FALSE,2015-02-24,1317
RMySQL,0.10.3,FALSE,2015-04-21,1261
RMySQL,0.10.4,FALSE,2015-07-28,1163
RMySQL,0.10.5,FALSE,2015-08-25,1135
RMySQL,0.10.6,FALSE,2015-09-05,1124
RMySQL,0.10.7,FALSE,2015-10-27,1072
RMySQL,0.10.8,FALSE,2016-01-28,979
RMySQL,0.10.9,FALSE,2016-05-08,878
RMySQL,0.10.10,FALSE,2017-03-21,561
RMySQL,0.10.11,FALSE,2017-03-29,553
RMySQL,0.10.12,FALSE,2017-07-06,454
RMySQL,0.10.13,FALSE,2017-08-14,415
RMySQL,0.10.14,FALSE,2018-02-26,219
RMySQL,0.10.15,FALSE,2018-05-13,143
RPostgres,1.0-3,TRUE,2017-12-06,301
RPostgres,1.0-4,TRUE,2017-12-20,287
RPostgres,1.1.0,TRUE,2018-04-06,180
RPostgres,1.1.1,FALSE,2018-05-06,150
RSQLite,0.2-1,TRUE,2001-11-03,6178
RSQLite,0.3-0,TRUE,2002-10-01,5846
RSQLite,0.3-1,TRUE,2003-04-07,5658
RSQLite,0.3-2,TRUE,2003-06-18,5586
RSQLite,0.3-3,TRUE,2003-11-12,5439
RSQLite,0.3-4,TRUE,2004-06-22,5216
RSQLite,0.3-5,TRUE,2005-01-31,4993
RSQLite,0.4-0,TRUE,2005-04-07,4927
RSQLite,0.4-1,TRUE,2006-01-19,4640
RSQLite,0.4-4,TRUE,2006-10-07,4379
RSQLite,0.4-9,TRUE,2006-10-27,4359
RSQLite,0.4-13,TRUE,2006-11-09,4346
RSQLite,0.4-15,TRUE,2006-12-04,4321
RSQLite,0.4-18,TRUE,2007-01-05,4289
RSQLite,0.4-19,TRUE,2007-01-18,4276
RSQLite,0.4-20,TRUE,2007-02-28,4235
RSQLite,0.5-1,TRUE,2007-03-21,4214
RSQLite,0.5-2,TRUE,2007-03-28,4207
RSQLite,0.5-3,TRUE,2007-03-29,4206
RSQLite,0.5-4,TRUE,2007-05-01,4173
RSQLite,0.6-0,TRUE,2007-06-10,4133
RSQLite,0.6-2,TRUE,2007-07-18,4095
RSQLite,0.5-6,TRUE,2007-07-18,4095
RSQLite,0.6-3,TRUE,2007-10-03,4018
RSQLite,0.6-4,TRUE,2007-10-30,3991
RSQLite,0.6-7,TRUE,2008-01-27,3902
RSQLite,0.6-8,TRUE,2008-02-27,3871
RSQLite,0.6-9,TRUE,2008-06-11,3766
RSQLite,0.7-0,TRUE,2008-08-24,3692
RSQLite,0.7-1,TRUE,2008-10-26,3629
RSQLite,0.7-2,TRUE,2009-08-14,3337
RSQLite,0.7-3,TRUE,2009-10-04,3286
RSQLite,0.8-0,TRUE,2009-12-22,3207
RSQLite,0.8-1,TRUE,2010-01-07,3191
RSQLite,0.8-2,TRUE,2010-01-22,3176
RSQLite,0.8-3,TRUE,2010-02-11,3156
RSQLite,0.8-4,TRUE,2010-03-10,3129
RSQLite,0.9-0,TRUE,2010-05-07,3071
RSQLite,0.9-1,TRUE,2010-05-29,3049
RSQLite,0.9-2,TRUE,2010-07-24,2993
RSQLite,0.9-3,TRUE,2010-11-07,2887
RSQLite,0.9-4,TRUE,2010-11-24,2870
RSQLite,0.10.0,TRUE,2011-10-02,2558
RSQLite,0.11.0,TRUE,2011-12-01,2498
RSQLite,0.11.1,FALSE,2011-12-07,2492
RSQLite,0.11.2,FALSE,2012-09-16,2208
RSQLite,0.11.3,FALSE,2013-04-16,1996
RSQLite,0.11.4,FALSE,2013-05-26,1956
RSQLite,1.0.0,TRUE,2014-10-24,1440
RSQLite,1.1,TRUE,2016-11-27,675
RSQLite,1.1-1,TRUE,2016-12-10,662
RSQLite,1.1-2,TRUE,2017-01-08,633
RSQLite,2.0,TRUE,2017-06-19,471
RSQLite,2.1.0,TRUE,2018-03-29,188
RSQLite,2.1.1,FALSE,2018-05-06,150
broom,0.3.4,FALSE,2014-11-23,1410
broom,0.3.5,FALSE,2015-01-05,1367
broom,0.3.6,FALSE,2015-02-18,1323
broom,0.3.7,FALSE,2015-05-06,1246
broom,0.4.0,TRUE,2015-11-30,1038
broom,0.4.1,FALSE,2016-06-24,831
broom,0.4.2,FALSE,2017-02-13,597
broom,0.4.3,FALSE,2017-11-20,317
broom,0.4.4,FALSE,2018-03-29,188
broom,0.4.5,FALSE,2018-07-03,92
broom,0.5.0,TRUE,2018-07-17,78
dials,0.0.1,FALSE,2018-08-13,51
embed,0.0.1,FALSE,2018-09-14,19
infer,0.1.0,TRUE,2018-01-08,268
infer,0.1.1,FALSE,2018-01-22,254
infer,0.2.0,TRUE,2018-05-15,141
infer,0.3.0,TRUE,2018-07-11,84
infer,0.3.1,FALSE,2018-08-06,58
recipes,0.1.0,TRUE,2017-07-27,433
recipes,0.1.1,FALSE,2017-11-20,317
recipes,0.1.2,FALSE,2018-01-11,265
recipes,0.1.3,FALSE,2018-06-16,109
recipes,0.1.0,TRUE,2017-07-27,433
recipes,0.1.1,FALSE,2017-11-20,317
recipes,0.1.2,FALSE,2018-01-11,265
recipes,0.1.3,FALSE,2018-06-16,109
rsample,0.0.1,FALSE,2017-07-08,452
rsample,0.0.2,FALSE,2017-11-12,325
rsample,0.0.1,FALSE,2017-07-08,452
rsample,0.0.2,FALSE,2017-11-12,325
tidymodels,0.0.1,FALSE,2018-07-27,68
tidyposterior,0.0.1,FALSE,2017-11-14,323
tidyposterior,0.0.1,FALSE,2017-11-14,323
yardstick,0.0.1,FALSE,2017-11-12,325
yardstick,0.0.1,FALSE,2017-11-12,325
scales,0.1.0,TRUE,2011-09-22,2568
scales,0.2.0,TRUE,2012-02-27,2410
scales,0.2.1,FALSE,2012-05-08,2339
scales,0.2.2,FALSE,2012-09-04,2220
scales,0.2.3,FALSE,2012-12-05,2128
scales,0.2.4,FALSE,2014-04-22,1625
scales,0.2.5,FALSE,2015-06-12,1209
scales,0.3.0,TRUE,2015-08-24,1136
scales,0.4.0,TRUE,2016-02-26,950
scales,0.4.1,FALSE,2016-11-09,693
scales,0.5.0,TRUE,2017-08-24,405
scales,1.0.0,TRUE,2018-08-09,55
scales,0.1.0,TRUE,2011-09-22,2568
scales,0.2.0,TRUE,2012-02-27,2410
scales,0.2.1,FALSE,2012-05-08,2339
scales,0.2.2,FALSE,2012-09-04,2220
scales,0.2.3,FALSE,2012-12-05,2128
scales,0.2.4,FALSE,2014-04-22,1625
scales,0.2.5,FALSE,2015-06-12,1209
scales,0.3.0,TRUE,2015-08-24,1136
scales,0.4.0,TRUE,2016-02-26,950
scales,0.4.1,FALSE,2016-11-09,693
scales,0.5.0,TRUE,2017-08-24,405
scales,1.0.0,TRUE,2018-08-09,55
reshape,0.4,TRUE,2005-08-05,4807
reshape,0.5,TRUE,2005-09-22,4759
reshape,0.6,TRUE,2006-02-06,4622
reshape,0.6.1,FALSE,2006-04-07,4562
reshape,0.6.2,FALSE,2006-06-23,4485
reshape,0.6.3,FALSE,2006-06-23,4485
reshape,0.7,TRUE,2006-08-03,4444
reshape,0.7.1,FALSE,2006-09-29,4387
reshape,0.7.2,FALSE,2007-04-11,4193
reshape,0.7.3,FALSE,2007-05-22,4152
reshape,0.7.4,FALSE,2007-05-31,4143
reshape,0.8.0,TRUE,2007-07-07,4106
reshape,0.8.1,FALSE,2008-09-28,3657
reshape,0.8.2,FALSE,2008-11-04,3620
reshape,0.8.3,FALSE,2009-04-28,3445
reshape,0.8.4,FALSE,2011-01-28,2805
reshape,0.8.5,FALSE,2014-04-22,1625
reshape,0.8.6,FALSE,2016-10-21,712
reshape,0.8.7,FALSE,2017-08-06,423
lazyeval,0.1.9,FALSE,2014-10-01,1463
lazyeval,0.1.10,FALSE,2015-01-02,1370
lazyeval,0.2.0,TRUE,2016-06-12,843
lazyeval,0.2.1,FALSE,2017-10-29,339
nycflights13,0.1,TRUE,2014-07-22,1534
nycflights13,0.2.0,TRUE,2016-04-29,887
nycflights13,0.2.1,FALSE,2016-12-29,643
nycflights13,0.2.2,FALSE,2017-01-27,614
nycflights13,1.0.0,TRUE,2018-06-26,99
babynames,0.1,TRUE,2014-07-22,1534
babynames,0.2.0,TRUE,2016-02-19,957
babynames,0.2.1,FALSE,2016-02-21,955
babynames,0.3.0,TRUE,2017-04-14,537
dtplyr,0.0.1,FALSE,2016-06-27,828
dtplyr,0.0.2,FALSE,2017-04-21,530
gtable,0.1.1,FALSE,2012-09-04,2220
gtable,0.1.2,FALSE,2012-12-05,2128
gtable,0.2.0,TRUE,2016-02-26,950
purrrlyr,0.0.1,FALSE,2017-04-29,522
purrrlyr,0.0.2,FALSE,2017-05-13,508
purrrlyr,0.0.3,FALSE,2018-05-29,127
rvest,0.1.0,TRUE,2014-11-21,1412
rvest,0.2.0,TRUE,2015-01-01,1371
rvest,0.3.0,TRUE,2015-09-22,1107
rvest,0.3.1,FALSE,2015-11-11,1057
rvest,0.3.2,FALSE,2016-06-17,838
assertthat,0.1,TRUE,2013-12-05,1763
assertthat,0.2.0,TRUE,2017-04-11,540
plyr,0.1,TRUE,2008-09-30,3655
plyr,0.1.1,FALSE,2008-10-08,3647
plyr,0.1.2,FALSE,2008-11-18,3606
plyr,0.1.3,FALSE,2008-11-19,3605
plyr,0.1.4,FALSE,2008-12-13,3581
plyr,0.1.5,FALSE,2009-02-24,3508
plyr,0.1.6,FALSE,2009-04-15,3458
plyr,0.1.7,FALSE,2009-04-15,3458
plyr,0.1.8,FALSE,2009-04-21,3452
plyr,0.1.9,FALSE,2009-06-23,3389
plyr,1.0,TRUE,2010-07-05,3012
plyr,1.0.1,FALSE,2010-07-06,3011
plyr,1.0.2,FALSE,2010-07-06,3011
plyr,1.0.3,FALSE,2010-07-07,3010
plyr,1.1,TRUE,2010-07-24,2993
plyr,1.2,TRUE,2010-09-10,2945
plyr,1.2.1,FALSE,2010-09-11,2944
plyr,1.4,TRUE,2011-01-04,2829
plyr,1.4.1,FALSE,2011-04-05,2738
plyr,1.5,TRUE,2011-04-10,2733
plyr,1.5.1,FALSE,2011-04-13,2730
plyr,1.5.2,FALSE,2011-04-24,2719
plyr,1.6,TRUE,2011-07-29,2623
plyr,1.7,TRUE,2011-12-30,2469
plyr,1.7.1,FALSE,2012-01-08,2460
plyr,1.8,TRUE,2012-12-06,2127
plyr,1.8.1,FALSE,2014-02-26,1680
plyr,1.8.2,FALSE,2015-04-21,1261
plyr,1.8.3,FALSE,2015-06-12,1209
plyr,1.8.4,FALSE,2016-06-08,847
gapminder,0.1.0,TRUE,2015-03-17,1296
gapminder,0.2.0,TRUE,2015-12-30,1008
gapminder,0.3.0,TRUE,2017-10-31,337
repurrrsive,0.1.0,TRUE,2017-09-08,390
gmailr,0.0.1,FALSE,2014-07-26,1530
gmailr,0.5.0,TRUE,2014-09-18,1476
gmailr,0.6.0,TRUE,2014-12-04,1399
gmailr,0.7.1,FALSE,2016-04-11,905
lintr,0.2.0,TRUE,2014-12-01,1402
lintr,0.3.1,FALSE,2015-09-03,1126
lintr,0.3.2,FALSE,2015-09-08,1121
lintr,0.3.3,FALSE,2015-09-15,1114
lintr,1.0.0,TRUE,2016-04-15,901
lintr,1.0.1,FALSE,2017-08-10,419
lintr,1.0.2,FALSE,2017-11-08,329
prettyunits,1.0.0,TRUE,2014-10-13,1451
prettyunits,1.0.2,FALSE,2015-07-12,1179
secret,1.0.0,TRUE,2017-06-17,473
caret,2.27,TRUE,2007-10-05,4016
caret,2.29,TRUE,2007-10-09,4012
caret,3.08,TRUE,2007-11-29,3961
caret,3.12,TRUE,2008-02-27,3871
caret,3.13,TRUE,2008-03-02,3867
caret,3.16,TRUE,2008-03-28,3841
caret,3.21,TRUE,2008-06-11,3766
caret,3.25,TRUE,2008-07-12,3735
caret,3.32,TRUE,2008-08-01,3715
caret,3.37,TRUE,2008-09-05,3680
caret,3.45,TRUE,2008-10-19,3636
caret,3.51,TRUE,2008-12-06,3588
caret,4.05,TRUE,2009-01-23,3540
caret,4.06,TRUE,2009-01-25,3538
caret,4.08,TRUE,2009-02-19,3513
caret,4.10,TRUE,2009-03-27,3477
caret,4.11,TRUE,2009-04-29,3444
caret,4.12,TRUE,2009-05-08,3435
caret,4.15,TRUE,2009-05-13,3430
caret,4.16,TRUE,2009-05-24,3419
caret,4.17,TRUE,2009-06-05,3407
caret,4.18,TRUE,2009-06-18,3394
caret,4.19,TRUE,2009-07-01,3381
caret,4.20,TRUE,2009-08-25,3326
caret,4.23,TRUE,2009-09-28,3292
caret,4.24,TRUE,2009-09-30,3290
caret,4.25,TRUE,2009-10-06,3284
caret,4.26,TRUE,2009-10-28,3262
caret,4.27,TRUE,2009-11-05,3254
caret,4.30,TRUE,2009-11-09,3250
caret,4.31,TRUE,2009-12-09,3220
caret,4.33,TRUE,2010-03-01,3138
caret,4.34,TRUE,2010-03-18,3121
caret,4.36,TRUE,2010-04-18,3090
caret,4.37,TRUE,2010-04-19,3089
caret,4.39,TRUE,2010-05-16,3062
caret,4.41,TRUE,2010-05-22,3056
caret,4.42,TRUE,2010-06-11,3036
caret,4.43,TRUE,2010-07-01,3016
caret,4.44,TRUE,2010-07-24,2993
caret,4.45,TRUE,2010-07-28,2989
caret,4.47,TRUE,2010-08-05,2981
caret,4.48,TRUE,2010-08-08,2978
caret,4.49,TRUE,2010-08-09,2977
caret,4.51,TRUE,2010-08-11,2975
caret,4.53,TRUE,2010-08-17,2969
caret,4.54,TRUE,2010-08-18,2968
caret,4.57,TRUE,2010-08-26,2960
caret,4.58,TRUE,2010-08-29,2957
caret,4.59,TRUE,2010-09-01,2954
caret,4.60,TRUE,2010-09-03,2952
caret,4.61,TRUE,2010-09-06,2949
caret,4.62,TRUE,2010-09-10,2945
caret,4.63,TRUE,2010-09-29,2926
caret,4.64,TRUE,2010-10-07,2918
caret,4.65,TRUE,2010-10-09,2916
caret,4.67,TRUE,2010-10-14,2911
caret,4.68,TRUE,2010-10-23,2902
caret,4.69,TRUE,2010-10-29,2896
caret,4.70,TRUE,2010-11-10,2884
caret,4.72,TRUE,2010-12-18,2846
caret,4.73,TRUE,2010-12-22,2842
caret,4.75,TRUE,2011-01-03,2830
caret,4.76,TRUE,2011-01-08,2825
caret,4.77,TRUE,2011-01-23,2810
caret,4.78,TRUE,2011-02-09,2793
caret,4.83,TRUE,2011-04-01,2742
caret,4.85,TRUE,2011-04-03,2740
caret,4.87,TRUE,2011-04-28,2715
caret,4.88,TRUE,2011-04-30,2713
caret,4.89,TRUE,2011-05-28,2685
caret,4.90,TRUE,2011-06-02,2680
caret,4.91,TRUE,2011-06-09,2673
caret,4.92,TRUE,2011-07-06,2646
caret,4.98,TRUE,2011-07-26,2626
caret,4.99,TRUE,2011-09-02,2588
caret,5.01-001,TRUE,2011-09-02,2588
caret,5.02-011,TRUE,2011-09-19,2571
caret,5.03-003,TRUE,2011-09-24,2566
caret,5.04-007,TRUE,2011-09-26,2564
caret,5.05.004,FALSE,2011-10-11,2549
caret,5.07-001,TRUE,2011-10-23,2537
caret,5.07-005,TRUE,2011-11-08,2521
caret,5.07-024,TRUE,2011-11-14,2515
caret,5.08-011,TRUE,2011-11-25,2504
caret,5.09-006,TRUE,2011-12-07,2492
caret,5.09-012,TRUE,2011-12-11,2488
caret,5.10-13,TRUE,2012-01-04,2464
caret,5.11-06,TRUE,2012-01-13,2455
caret,5.12-04,TRUE,2012-01-15,2453
caret,5.13-20,TRUE,2012-02-06,2431
caret,5.13-037,TRUE,2012-02-17,2420
caret,5.14-023,TRUE,2012-02-23,2414
caret,5.15-023,TRUE,2012-03-20,2388
caret,5.15-044,TRUE,2012-10-03,2191
caret,5.15-045,TRUE,2012-11-27,2136
caret,5.15-048,TRUE,2012-12-21,2112
caret,5.15-052,TRUE,2013-01-17,2085
caret,5.15-61,TRUE,2013-02-12,2059
caret,5.16-04,TRUE,2013-05-17,1965
caret,5.16-24,TRUE,2013-06-20,1931
caret,5.17-7,TRUE,2013-08-05,1885
caret,6.0-21,TRUE,2014-01-03,1734
caret,6.0-22,TRUE,2014-01-18,1719
caret,6.0-24,TRUE,2014-02-16,1690
caret,6.0-29,TRUE,2014-05-28,1589
caret,6.0-30,TRUE,2014-06-04,1582
caret,6.0-34,TRUE,2014-08-15,1510
caret,6.0-35,TRUE,2014-08-24,1501
caret,6.0-37,TRUE,2014-11-10,1423
caret,6.0-41,TRUE,2015-01-03,1369
caret,6.0-47,TRUE,2015-05-06,1246
caret,6.0-52,TRUE,2015-07-17,1174
caret,6.0-57,TRUE,2015-10-11,1088
caret,6.0-58,TRUE,2015-10-22,1077
caret,6.0-62,TRUE,2015-11-23,1045
caret,6.0-64,TRUE,2016-01-06,1001
caret,6.0-68,TRUE,2016-04-11,905
caret,6.0-70,TRUE,2016-06-13,842
caret,6.0-71,TRUE,2016-08-05,789
caret,6.0-72,TRUE,2016-11-01,701
caret,6.0-73,TRUE,2016-11-10,692
caret,6.0-76,TRUE,2017-04-18,533
caret,6.0-77,TRUE,2017-09-07,391
caret,6.0-78,TRUE,2017-12-10,297
caret,6.0-79,TRUE,2018-03-29,188
caret,6.0-80,TRUE,2018-05-26,130
recipes,0.1.0,TRUE,2017-07-27,433
recipes,0.1.1,FALSE,2017-11-20,317
recipes,0.1.2,FALSE,2018-01-11,265
recipes,0.1.3,FALSE,2018-06-16,109
recipes,0.1.0,TRUE,2017-07-27,433
recipes,0.1.1,FALSE,2017-11-20,317
recipes,0.1.2,FALSE,2018-01-11,265
recipes,0.1.3,FALSE,2018-06-16,109
rsample,0.0.1,FALSE,2017-07-08,452
rsample,0.0.2,FALSE,2017-11-12,325
rsample,0.0.1,FALSE,2017-07-08,452
rsample,0.0.2,FALSE,2017-11-12,325
yardstick,0.0.1,FALSE,2017-11-12,325
yardstick,0.0.1,FALSE,2017-11-12,325
AmesHousing,0.0.2,FALSE,2017-09-26,372
AmesHousing,0.0.3,FALSE,2017-12-17,290
tidyposterior,0.0.1,FALSE,2017-11-14,323
tidyposterior,0.0.1,FALSE,2017-11-14,323
Cubist,0.0.5,FALSE,2011-04-27,2716
Cubist,0.0.6,FALSE,2011-04-30,2713
Cubist,0.0.7,FALSE,2011-06-02,2680
Cubist,0.0.8,FALSE,2011-06-22,2660
Cubist,0.0.11,FALSE,2012-02-15,2422
Cubist,0.0.12,FALSE,2012-02-29,2408
Cubist,0.0.13,FALSE,2013-01-31,2071
Cubist,0.0.15,FALSE,2014-01-16,1721
Cubist,0.0.18,FALSE,2014-06-07,1579
Cubist,0.0.19,FALSE,2016-12-11,661
Cubist,0.2.0,TRUE,2017-11-28,309
Cubist,0.2.1,FALSE,2017-12-01,306
Cubist,0.2.2,FALSE,2018-05-21,135
vdiffr,0.1.0,TRUE,2016-11-08,694
vdiffr,0.1.1,FALSE,2016-11-15,687
vdiffr,0.2.0,TRUE,2017-08-03,426
vdiffr,0.2.1,FALSE,2017-10-09,359
vdiffr,0.2.2,FALSE,2018-02-01,244
vdiffr,0.2.3,FALSE,2018-04-27,159
ggstance,0.3,TRUE,2016-11-16,686
ggstance,0.3.1,FALSE,2018-07-20,75
fontquiver,0.1.0,TRUE,2016-09-04,759
fontquiver,0.2.0,TRUE,2016-10-27,706
fontquiver,0.2.1,FALSE,2017-01-31,610
roxygen,0.1,TRUE,2008-08-31,3685
roxygen,0.1-2,TRUE,2009-11-12,3247
roxygen,0.1-3,TRUE,2011-12-23,2476
